headword,CEFR
frame,A2
tram,A2
tape,A2
basic,A2
snack,A2
missing,A2
target,A2
forward,A2
basically,A2
fortune,A2
barber,A2
barbecue,A2
source,A2
anywhere,A2
surfing,A2
gun,A2
luckily,A2
anyway,A2
lunchtime,A2
guidebook,A2
sound,A2
lyric,A2
surname,A2
badly,A2
guard,A2
anymore,A2
surprised,A2
surprising,A2
badminton,A2
mad,A2
magic,A2
grocery store,A2
grilled,A2
main course,A2
bake,A2
while,A2
low,A2
lover,A2
apart,A2
local,A2
support,A2
hardly,A2
lock,A2
happiness,A2
happily,A2
logical,A2
apologize/apologise,A2
loose,A2
handle,A2
lose,A2
greedy,A2
handicapped,A2
handbag,A2
ham,A2
half-price,A2
background,A2
loudly,A2
south,A2
apartment,A2
lost,A2
folder,A2
mainly,A2
major,A2
married,A2
marry,A2
golf,A2
golden,A2
sweat,A2
marvelous/marvellous,A2
sweater,A2
someday,A2
somebody,A2
glove,A2
solution,A2
sweetheart,A2
globe,A2
material,A2
soldier,A2
banking,A2
max,A2
swimming costume,A2
whatever,A2
given,A2
swimsuit,A2
wheelchair,A2
good-looking,A2
market,A2
mark,A2
survive,A2
anxious,A2
grateful,A2
maker,A2
make-up,A2
male,A2
mall,A2
granny,A2
grandson,A2
balcony,A2
manage,A2
granddaughter,A2
greatly,A2
granddad,A2
manager,A2
gram/gramme,A2
manner,A2
graduate,A2
gradually,A2
somewhere,A2
balloon,A2
grace,A2
within,A2
without,A2
government,A2
swallow,A2
grandchild,A2
shall,A2
produce,A2
uncomfortable,A2
cheque,A2
roll,A2
receptionist,A2
crown,A2
crowded,A2
crowd,A2
chess,A2
chest,A2
scissors,A2
recently,A2
recent,A2
cross,A2
receive,A2
criticize/criticise,A2
pour,A2
receipt,A2
abroad,A2
scientific,A2
cruise,A2
scream,A2
robbery,A2
portrait,A2
cheek,A2
robin,A2
position,A2
cheer,A2
rock,A2
chef,A2
cupboard,A2
chemical,A2
possible,A2
uncertain,A2
possibly,A2
act,A2
post office,A2
across,A2
crisp,A2
power,A2
powerful,A2
cigarette,A2
understand,A2
predict,A2
prediction,A2
schedule,A2
bra,A2
underwater,A2
court,A2
prefer,A2
couple,A2
scenery,A2
countryside,A2
scene,A2
country,A2
citizen,A2
reach,A2
precise,A2
schoolchild,A2
crazy,A2
childhood,A2
chili/chilli,A2
crime,A2
cricket,A2
romance,A2
chimpanzee,A2
chin,A2
schoolwork,A2
record,A2
chirp,A2
creature,A2
choice,A2
creativity,A2
romantic,A2
creative,A2
create,A2
realize/realise,A2
roof,A2
credit,A2
population,A2
curry,A2
curse,A2
bored,A2
twice,A2
pleased,A2
chain,A2
pleasing,A2
debate,A2
death,A2
plenty,A2
chairman,A2
deal,A2
challenge,A2
refrigerator,A2
actually,A2
dead,A2
boss,A2
seaside,A2
pleasant,A2
decide,A2
certainly,A2
certain,A2
pity,A2
addition,A2
deeply,A2
deep,A2
tune,A2
planet,A2
plural,A2
plant,A2
center/centre,A2
centimeter/centimetre,A2
plastic,A2
plate,A2
century,A2
cereal,A2
playful,A2
playground,A2
cent,A2
count,A2
champagne,A2
plus,A2
complain,A2
political,A2
script,A2
chart,A2
recycle,A2
roast,A2
pollute,A2
rob,A2
chat,A2
screw,A2
cheap,A2
customer,A2
custom,A2
verb,A2
popular,A2
screen,A2
polite,A2
daily,A2
dam,A2
search,A2
championship,A2
chance,A2
bother,A2
reflect,A2
seafood,A2
road,A2
daylight,A2
dangerous,A2
chapter,A2
refer,A2
police,A2
dancer,A2
police officer,A2
police station,A2
policeman,A2
policewoman,A2
danger,A2
regret,A2
scarf,A2
prepare,A2
quietly,A2
promise,A2
ruin,A2
pronounce,A2
pronunciation,A2
confused,A2
confuse,A2
colorful/colourful,A2
column,A2
proper,A2
quick,A2
comb,A2
unnecessary,A2
upstairs,A2
account,A2
confident,A2
quit,A2
unpleasant,A2
wallet,A2
salt,A2
product,A2
production,A2
coin,A2
accept,A2
professional,A2
unknown,A2
unlike,A2
consist,A2
cola,A2
sample,A2
acceptable,A2
consider,A2
rugby,A2
quiz,A2
quite,A2
consequence,A2
progressive,A2
sake,A2
comfortable,A2
queen,A2
wander,A2
sadly,A2
company,A2
publish,A2
comparative,A2
composer,A2
compare,A2
unusual,A2
pull,A2
pursue,A2
rush,A2
purpose,A2
competition,A2
punctuation,A2
complete,A2
public,A2
communication,A2
safe,A2
communicate,A2
sailing,A2
comic,A2
condition,A2
rumor/rumour,A2
accident,A2
upset,A2
runner,A2
brave,A2
racket,A2
quality,A2
commitment,A2
committee,A2
concern,A2
common,A2
provide,A2
running,A2
concentrate,A2
psychologist,A2
upon,A2
used,A2
panic,A2
royal,A2
pretend,A2
clerk,A2
brainstorm,A2
click,A2
prevent,A2
unforgettable,A2
brake,A2
rap,A2
unfortunately,A2
sausage,A2
pride,A2
cooler,A2
unhappy,A2
branch,A2
scale,A2
unfair,A2
clearly,A2
pressure,A2
ray,A2
raw,A2
claim,A2
root,A2
valley,A2
rope,A2
classic,A2
rating,A2
cooking,A2
cost,A2
rather,A2
achieve,A2
uneasy,A2
rate,A2
brilliant,A2
cleaner,A2
correctly,A2
clear,A2
classical music,A2
value,A2
cooker,A2
brand,A2
raincoat,A2
clue,A2
unit,A2
walking,A2
private,A2
continue,A2
usual,A2
continent,A2
context,A2
pro,A2
probably,A2
sandy,A2
container,A2
coast,A2
contact,A2
useful,A2
university,A2
clown,A2
printer,A2
breeze,A2
contrast,A2
unhealthy,A2
roughly,A2
range,A2
sauce,A2
uniform,A2
clone,A2
bride,A2
round,A2
climbing,A2
unimportant,A2
raise,A2
youth,A2
convenience,A2
principal,A2
satisfy,A2
roundabout,A2
control,A2
print,A2
convenient,A2
cycling,A2
complaint,A2
advantage,A2
remain,A2
trick,A2
bookshelf,A2
disadvantage,A2
response,A2
seek,A2
disagree,A2
patient,A2
disappear,A2
pass,A2
senior,A2
seem,A2
admit,A2
description,A2
developed,A2
remind,A2
discussion,A2
violent,A2
desert,A2
develop,A2
rhythm,A2
pepper,A2
reunion,A2
dishonest,A2
diamond,A2
cash,A2
photography,A2
dentist,A2
dislike,A2
pence,A2
photographer,A2
penfriend/pen friend,A2
sense,A2
calendar,A2
seed,A2
sew,A2
village,A2
budget,A2
partly,A2
photograph,A2
department store,A2
bug,A2
carrot,A2
reveal,A2
depend,A2
truly,A2
represent,A2
petrol station,A2
petrol,A2
cab,A2
captain,A2
path,A2
dessert,A2
permission,A2
destroy,A2
perfectly,A2
disco,A2
adult,A2
perform,A2
capital letter,A2
traveler/traveller,A2
advanced,A2
perhaps,A2
capital,A2
replace,A2
perfume,A2
detail,A2
pasta,A2
reply,A2
disappointing,A2
return,A2
semester,A2
passage,A2
passenger,A2
bulb,A2
trap,A2
violin,A2
ability,A2
remote,A2
cafeteria,A2
send,A2
trust,A2
trouble,A2
car park,A2
rent,A2
discover,A2
repair,A2
bookcase,A2
several,A2
personality,A2
disappointed,A2
admire,A2
perfect,A2
report,A2
visitor,A2
performance,A2
cassette,A2
physical,A2
bus station,A2
bus stop,A2
bush,A2
treasure,A2
research,A2
serve,A2
bookshop,A2
businessman,A2
washing-up,A2
diet,A2
die,A2
truth,A2
delay,A2
video game,A2
bonus,A2
secret,A2
cause,A2
differently,A2
voice,A2
pilgrim,A2
degree,A2
pear,A2
pile,A2
bury,A2
digital camera,A2
adventure,A2
shadow,A2
secretary,A2
dinosaur,A2
pilot,A2
washing machine,A2
shade,A2
difficulty,A2
campus,A2
yeah,A2
view,A2
request,A2
retire,A2
direct,A2
release,A2
part,A2
castle,A2
writing,A2
adjective,A2
diary,A2
businesswoman,A2
regular,A2
director,A2
separate,A2
additional,A2
adjust,A2
right-hand,A2
vocabulary,A2
physically,A2
zone,A2
display,A2
retired,A2
pill,A2
PC,A2
seriously,A2
direction,A2
pea,A2
relaxed,A2
regularly,A2
peaceful,A2
camping,A2
relax,A2
windsurfing,B1
academy,B1
logo,B1
respect,B1
southwest,B1
resort,B1
apology,B1
southern,B1
resource,B1
loyal,B1
routine,B1
rank,B1
loyalty,B1
rescue,B1
jewel,B1
accent,B1
loss,B1
stall,B1
academic,B1
jealous,B1
loudspeaker,B1
resist,B1
jazz,B1
jar,B1
ivory,B1
resident,B1
windscreen,B1
luggage,B1
rainfall,B1
jail/gaol,B1
rainforest,B1
loud,B1
residential,B1
lottery,B1
artistic,B1
researcher,B1
reserve,B1
reunify,B1
southeast,B1
rage,B1
reunification,B1
sour,B1
rough,B1
resemble,B1
lorry,B1
railway,B1
reservation,B1
rail,B1
ashamed,B1
resolve,B1
ape,B1
railroad,B1
lovingly,B1
artist,B1
jade,B1
iron,B1
radiation,B1
runway,B1
marble,B1
maple,B1
retail,B1
quake,B1
antique,B1
sometime,B1
steady,B1
sometimes,B1
qualified,B1
aspirin,B1
wither,B1
introduction,B1
steadily,B1
mankind,B1
qualify,B1
management,B1
quantity,B1
runaway,B1
status,B1
accessory,B1
puzzle,B1
someplace,B1
marine,B1
accidental,B1
intermediate,B1
mass,B1
mash,B1
retain,B1
pure,B1
purify,B1
intermission,B1
somehow,B1
internal,B1
internationally,B1
willingness,B1
invasion,B1
purse,B1
interrupt,B1
steel,B1
steam,B1
interval,B1
interviewee,B1
marriage,B1
witness,B1
accidentally,B1
marked,B1
steep,B1
isolation,B1
antonym,B1
restore,B1
magician,B1
magical,B1
involved,B1
sorrow,B1
ironing,B1
aspect,B1
sort,B1
irregular,B1
stare,B1
rudely,B1
anyhow,B1
soul,B1
irritate,B1
race,B1
aside,B1
racial,B1
respectable,B1
standard,B1
rubbish,B1
isle,B1
luxury,B1
rubber,B1
lung,B1
magnificent,B1
involve,B1
sore,B1
anxiously,B1
abandon,B1
anxiety,B1
soothe,B1
accessible,B1
rest,B1
question mark,B1
invest,B1
questionnaire,B1
majority,B1
queue,B1
sophomore,B1
restrict,B1
maintenance,B1
maintain,B1
responsible,B1
access,B1
responsibility,B1
invitation,B1
acceptance,B1
main,B1
respond,B1
involuntarily,B1
mailbox,B1
retrospect,B1
investigation,B1
jog,B1
latecomer,B1
jogging,B1
legally,B1
legal,B1
reduce,B1
reduction,B1
roadside,B1
knit,B1
approval,B1
sphere,B1
aboard,B1
spice,B1
arise,B1
reef,B1
reliable,B1
referee,B1
lecture,B1
lab,B1
laboratory,B1
approve,B1
ladder,B1
reflection,B1
rid,B1
recycling,B1
spelling,B1
religion,B1
recycled,B1
kindness,B1
lessen,B1
recommend,B1
robot,B1
remembrance,B1
abnormal,B1
spectacular,B1
spectator,B1
remedy,B1
length,B1
relaxing,B1
remarkable,B1
recording,B1
rewrite,B1
remainder,B1
recover,B1
rely,B1
kitten,B1
approach,B1
recovery,B1
arithmetic,B1
religious,B1
remark,B1
spicy,B1
lamb,B1
riddle,B1
leadership,B1
sponsor,B1
ripe,B1
regain,B1
regard,B1
layer,B1
lay,B1
regarding,B1
sponge,B1
region,B1
refuse,B1
lawful,B1
regulation,B1
lasting,B1
register,B1
architect,B1
launch,B1
laughter,B1
registration,B1
wire,B1
spoil,B1
lately,B1
regional,B1
recognize/recognise,B1
largely,B1
leading,B1
refreshments,B1
spider,B1
relatively,B1
sportsmanship,B1
relative,B1
leap,B1
relationship,B1
landlord,B1
relation,B1
sports,B1
aborigine,B1
risk,B1
rise,B1
spiral,B1
lean,B1
relate,B1
spirit,B1
refund,B1
reject,B1
league,B1
spiritual,B1
ridiculous,B1
refusal,B1
approximately,B1
spinach,B1
logic,B1
appreciation,B1
reclaim,B1
ration,B1
reputation,B1
rational,B1
judgment/judgement,B1
republic,B1
jug,B1
liquid,B1
appetite,B1
link,B1
arrow,B1
sparkle,B1
applaud,B1
limp,B1
limited,B1
limitation,B1
reproduce,B1
limit,B1
applause,B1
juicy,B1
revise,B1
react,B1
abstract,B1
likeness,B1
literary,B1
literature,B1
abundance,B1
log,B1
requirement,B1
rotten,B1
rapid,B1
lodge,B1
rapidly,B1
location,B1
rare,B1
joint,B1
locate,B1
absorb,B1
require,B1
rarely,B1
raspberry,B1
souvenir,B1
journal,B1
loaf,B1
journalist,B1
abundant,B1
apparent,B1
liver,B1
appeal,B1
representative,B1
repeatedly,B1
rolling,B1
librarian,B1
kettle,B1
arrange,B1
rebuild,B1
recall,B1
keyboard,B1
wing,B1
liberation,B1
liberate,B1
arrangement,B1
able,B1
army,B1
reception,B1
liar,B1
killing,B1
renew,B1
remove,B1
remote control,B1
recite,B1
lettuce,B1
reward,B1
repay,B1
justice,B1
stable,B1
absolutely,B1
lightning,B1
lightly,B1
absolute,B1
absent,B1
application,B1
lighter,B1
specialist,B1
realistic,B1
lift,B1
arrest,B1
reality,B1
specialize/specialise,B1
jumper,B1
arrival,B1
jungle,B1
lifelong,B1
specially,B1
lifeguard,B1
absence,B1
appoint,B1
rearrange,B1
revision,B1
reasonable,B1
razor,B1
wrap,B1
puppy,B1
secretly,B1
significance,B1
signature,B1
signal,B1
obstacle,B1
obtain,B1
obvious,B1
obviously,B1
occasion,B1
addressee,B1
secure,B1
occasional,B1
occasionally,B1
pie,B1
occupy,B1
observe,B1
objective,B1
numerous,B1
pineapple,B1
nutrient,B1
nutrition,B1
nutritious,B1
pin,B1
silk,B1
pillow,B1
silent,B1
object,B1
signpost,B1
objection,B1
piety,B1
observation,B1
occur,B1
ocean,B1
security,B1
phoenix,B1
agriculture,B1
philosophy,B1
agricultural,B1
philosopher,B1
agreement,B1
phenomenon,B1
pharmacy,B1
phantom,B1
seize,B1
oneself,B1
select,B1
persuasive,B1
onstage,B1
stem,B1
administration,B1
sickness,B1
old-fashioned,B1
physics,B1
airline,B1
phrase,B1
phrasal verb,B1
air force,B1
similarity,B1
offensive,B1
sigh,B1
officially,B1
sidewalk,B1
oily,B1
photocopy,B1
aim,B1
aid,B1
air conditioning,B1
pipe,B1
second-hand,B1
similarly,B1
poetry,B1
poet,B1
actress,B1
pocket money,B1
season,B1
plug,B1
nod,B1
alike,B1
noisily,B1
seawater,B1
none,B1
nightlife,B1
allergic,B1
niece,B1
poison,B1
politician,B1
neutral,B1
nevertheless,B1
politely,B1
newborn,B1
newcomer,B1
newly,B1
nonetheless,B1
sculpture,B1
policy,B1
next door,B1
next-door,B1
nickname,B1
pole,B1
poisonous,B1
allowance,B1
onto/on to,B1
nonsense,B1
noticeboard,B1
notion,B1
notorious,B1
simplify,B1
yell,B1
plain,B1
novelist,B1
pit,B1
secondary school,B1
nowhere,B1
nuclear,B1
nucleus,B1
noticeable,B1
ad,B1
nor,B1
pleasantly,B1
normally,B1
seaweed,B1
northeast,B1
northeastern,B1
northern,B1
northwest,B1
northwestern,B1
platform,B1
simultaneously,B1
alcoholic,B1
alcohol,B1
adapt,B1
network,B1
worth,B1
sheer,B1
affect,B1
severe,B1
passion,B1
overwhelm,B1
overwhelming,B1
overwork,B1
owe,B1
owing,B1
shave,B1
wrist,B1
aerobics,B1
part-time,B1
severely,B1
passive,B1
adviser/advisor,B1
sheet,B1
passport,B1
overcome,B1
shiny,B1
settlement,B1
settler,B1
shift,B1
overjoyed,B1
sheriff,B1
patience,B1
wristwatch,B1
overnight,B1
shelter,B1
advance,B1
password,B1
affection,B1
oxygen,B1
particularly,B1
sex,B1
advertise,B1
advert,B1
adverb,B1
shadowy,B1
wound,B1
pale,B1
paradise,B1
shameful,B1
adverbial,B1
palm,B1
parachute,B1
shame,B1
shallow,B1
paralyze/paralyse,B1
parcel,B1
wrapping,B1
painful,B1
sharp,B1
participle,B1
pace,B1
participate,B1
participant,B1
package,B1
partial,B1
settle,B1
parrot,B1
packing,B1
paddle,B1
parental,B1
paid,B1
pain,B1
parking,B1
setting,B1
patrol,B1
orbit,B1
orchestra,B1
performer,B1
orderly,B1
ordinary,B1
organ,B1
organic,B1
percent/per cent,B1
organism,B1
per,B1
organization/organisation,B1
sensation,B1
penny,B1
origin,B1
oral,B1
agenda,B1
option,B1
admission,B1
selection,B1
aggressive,B1
operation,B1
persuade,B1
selfish,B1
personally,B1
admiration,B1
penniless,B1
self-service,B1
permit,B1
opposition,B1
oppress,B1
permanently,B1
oppression,B1
shrimp,B1
permanent,B1
opening,B1
adopt,B1
separation,B1
out-of-date,B1
server,B1
service,B1
shocking,B1
shocked,B1
worthwhile,B1
session,B1
outstanding,B1
outward,B1
shiver,B1
outweigh,B1
afford,B1
pause,B1
pattern,B1
worthy,B1
adorable,B1
outline,B1
outlaw,B1
otherwise,B1
ought to,B1
shortly,B1
afterwards,B1
afterward,B1
sequence,B1
shortage,B1
written,B1
peculiar,B1
peanut,B1
serious,B1
outdoor,B1
outdoors,B1
outer,B1
shopper,B1
series,B1
politics,B1
pollutant,B1
pond,B1
accountant,B1
sand,B1
angle,B1
sandal,B1
professor,B1
anger,B1
mineral,B1
profession,B1
minimize/minimise,B1
productive,B1
minimum,B1
producer,B1
sneeze,B1
minor,B1
minority,B1
progress,B1
mild,B1
proof,B1
animated,B1
soap opera,B1
pronoun,B1
salesman,B1
promotion,B1
promote,B1
prominent,B1
middle-aged,B1
salmon,B1
snowstorm,B1
prohibition,B1
snowboard,B1
mile,B1
minus,B1
procrastination,B1
miracle,B1
mixing bowl,B1
analyze/analyse,B1
principle,B1
modal verb/modal,B1
modem,B1
moderate,B1
accurate,B1
accurately,B1
primitive,B1
analysis,B1
primary school,B1
smoker,B1
misunderstanding,B1
misty,B1
satisfied,B1
proclaim,B1
process,B1
mischief,B1
miserable,B1
misery,B1
mislead,B1
proceed,B1
messy,B1
accuracy,B1
prize,B1
mission,B1
satellite,B1
satisfaction,B1
privacy,B1
prisoner,B1
prison,B1
probability,B1
message board,B1
animation,B1
properly,B1
safari,B1
annually,B1
public transport,B1
soil,B1
annual,B1
pub,B1
meaningful,B1
meanwhile,B1
measure,B1
measurement,B1
mechanic,B1
mechanical,B1
safeguard,B1
psychological,B1
mayor,B1
sadness,B1
publicly,B1
publisher,B1
massive,B1
pupil,B1
punishment,B1
punish,B1
accompany,B1
anti,B1
safely,B1
solid,B1
mathematics,B1
ant,B1
pump,B1
sacred,B1
pullover,B1
maximum,B1
accomplish,B1
mathematician,B1
saucepan,B1
safety,B1
provided,B1
mend,B1
mental,B1
according to,B1
mentally,B1
propose,B1
proposal,B1
proportion,B1
merchant,B1
socially,B1
mere,B1
merely,B1
social networking,B1
mess,B1
property,B1
announce,B1
memorize/memorise,B1
prosperity,B1
prosperous,B1
meditate,B1
meditation,B1
proverb,B1
Mediterranean,B1
medium,B1
annoyance,B1
prove,B1
annoyed,B1
announcement,B1
melt,B1
protest,B1
protective,B1
membership,B1
memorable,B1
protection,B1
protect,B1
proud,B1
primarily,B1
modify,B1
moisture,B1
acquaintance,B1
skin,B1
narrate,B1
practical,B1
science fiction,B1
narrative,B1
narrow,B1
nasty,B1
nationalist,B1
powder,B1
poverty,B1
pound,B1
naturally,B1
pottery,B1
acquire,B1
acknowledgment/acknowledgement,B1
nap,B1
acknowledge,B1
scholarship,B1
achievement,B1
altogether,B1
mustard,B1
skyscraper,B1
precious,B1
mutual,B1
potential,B1
prayer,B1
schoolmate,B1
myth,B1
schoolteacher,B1
nail,B1
naked,B1
alternative,B1
praise,B1
scholar,B1
scold,B1
navy blue,B1
negotiation,B1
port,B1
pork,B1
worn,B1
neighborhood/neighbourhood,B1
alphabet,B1
aloud,B1
nephew,B1
popcorn,B1
nervousness,B1
ness,B1
active,B1
negotiate,B1
scratch,B1
positive,B1
nearby,B1
pot,B1
skeleton,B1
postman,B1
postcard,B1
scope,B1
necklace,B1
possibility,B1
possessive,B1
possession,B1
score,B1
possess,B1
needle,B1
positively,B1
nectar,B1
wizard,B1
muscle,B1
yoga,B1
moreover,B1
scan,B1
slip,B1
slightly,B1
slight,B1
press,B1
mosquito,B1
president,B1
moss,B1
preserve,B1
preservation,B1
ambulance,B1
presentation,B1
ambitious,B1
slogan,B1
moral,B1
slope,B1
molecule,B1
priest,B1
amusing,B1
saucer,B1
accuse,B1
monitor,B1
scare,B1
accustom,B1
previous,B1
monster,B1
monthly,B1
monument,B1
ache,B1
amount,B1
slot,B1
monk,B1
murderer,B1
motherland,B1
movement,B1
scary,B1
workplace,B1
amazing,B1
scatter,B1
workshop,B1
amazed,B1
mud,B1
pregnant,B1
mule,B1
slavery,B1
prefix,B1
preference,B1
scenic,B1
prejudice,B1
workout,B1
working,B1
preparation,B1
motivate,B1
presence,B1
motivation,B1
prescription,B1
motive,B1
scared,B1
motor,B1
motionless,B1
motorcycle,B1
preposition,B1
motto,B1
mount,B1
prepared,B1
sleeve,B1
mountaintop,B1
mourn,B1
preschool,B1
huge,B1
embarrass,B1
transform,B1
transfer,B1
dissolve,B1
distance,B1
distant,B1
distinction,B1
distinctly,B1
distinguish,B1
distribute,B1
transformation,B1
distribution,B1
disturbance,B1
dive,B1
diver,B1
diverse,B1
divine,B1
diving,B1
divorced,B1
DJ,B1
district,B1
transitional,B1
translate,B1
disappointment,B1
disaster,B1
disastrous,B1
disc jockey/disk jockey,B1
travel agent,B1
boldly,B1
discomfort,B1
discount,B1
discourage,B1
discovery,B1
trash,B1
discrimination,B1
wasteful,B1
disease,B1
transportation,B1
disgusting,B1
bold,B1
transport,B1
dishwasher,B1
disk/disc,B1
doc,B1
trail,B1
document,B1
documentary,B1
drown,B1
blogger,B1
drunk,B1
blog,B1
dude,B1
total,B1
dull,B1
toss,B1
dump,B1
dustbin,B1
dusty,B1
duty,B1
duty-free,B1
duvet,B1
tornado,B1
dynasty,B1
eager,B1
blind,B1
eagerness,B1
totally,B1
disappoint,B1
boast,B1
dolphin,B1
tragic,B1
tragedy,B1
traffic jam,B1
traditionally,B1
dot,B1
tracksuit,B1
trace,B1
blush,B1
waterfall,B1
downward,B1
doze,B1
dozen,B1
drag,B1
tournament,B1
dramatic,B1
tourism,B1
wax,B1
blessing,B1
disagreement,B1
disable,B1
deliver,B1
delivery,B1
demand,B1
democracy,B1
democratic,B1
trustworthy,B1
demonstrate,B1
demonstration,B1
trumpet,B1
delightful,B1
deny,B1
department,B1
departure,B1
dependent,B1
deposit,B1
depressed,B1
depressing,B1
depression,B1
deprive,B1
depth,B1
depart,B1
delighted,B1
delight,B1
delicate,B1
warrior,B1
turbulence,B1
decrease,B1
dedicate,B1
tuna,B1
deed,B1
tumble,B1
defeat,B1
defend,B1
defender,B1
defense/defence,B1
deficiency,B1
boot,B1
define,B1
definite,B1
definite article,B1
definitely,B1
definition,B1
boom,B1
delete,B1
derive,B1
deserve,B1
booking,B1
diameter,B1
diaper,B1
trend,B1
washbowl,B1
differ,B1
bond,B1
digital,B1
tremendous,B1
tremble,B1
diligence,B1
diligent,B1
bomb,B1
dioxide,B1
treatment,B1
treat,B1
directly,B1
dirt,B1
waste,B1
disability,B1
dialog/dialogue,B1
disabled,B1
dial,B1
devotion,B1
designer,B1
desire,B1
tropical,B1
despair,B1
desperate,B1
despite,B1
destination,B1
triumph,B1
destruction,B1
destructive,B1
trim,B1
detective,B1
determination,B1
determine,B1
trigger,B1
devastate,B1
devastating,B1
development,B1
device,B1
diagram,B1
border,B1
earache,B1
earnest,B1
examine,B1
threat,B1
examiner,B1
excellence,B1
excess,B1
exchange rate,B1
excitedly,B1
excitement,B1
examination,B1
thorough,B1
thirst,B1
bet,B1
exhausted,B1
existence,B1
exit,B1
expand,B1
expense,B1
exclusive,B1
threatening,B1
webcam,B1
exact,B1
thus,B1
establishment,B1
biochemistry,B1
estimate,B1
thunderous,B1
eternal,B1
thunder,B1
eternity,B1
thump,B1
thumb,B1
weather forecast,B1
throughout,B1
bin,B1
evenly,B1
eventually,B1
bilingual,B1
evident,B1
thriller,B1
experienced,B1
experiment,B1
exploration,B1
beloved,B1
thankful,B1
faithful,B1
fake,B1
fallen,B1
weird,B1
fantasy,B1
faraway,B1
farewell,B1
belief,B1
farming,B1
farmland,B1
farther,B1
farthest,B1
fascinate,B1
fashionable,B1
fasten,B1
behave,B1
essential,B1
faint,B1
fade,B1
explosion,B1
expose,B1
bent,B1
extend,B1
extensively,B1
extent,B1
theory,B1
extinct,B1
extinction,B1
extraordinary,B1
extreme,B1
extreme sports,B1
eyesight,B1
benefit,B1
theft,B1
face to face,B1
face-to-face,B1
beneath,B1
facility,B1
failure,B1
bless,B1
essence,B1
electrical,B1
electricity,B1
electron,B1
electronic,B1
weapon,B1
bitter,B1
element,B1
tobacco,B1
election,B1
eliminate,B1
embarrassed,B1
embarrassment,B1
tissue,B1
tiring,B1
emerge,B1
emotion,B1
emotional,B1
emotionally,B1
emperor,B1
bishop,B1
elbow,B1
toothpaste,B1
eastern,B1
blend,B1
easygoing/easy-going,B1
eco,B1
ecological,B1
bleed,B1
ecology,B1
economic,B1
weakness,B1
economics,B1
economy,B1
ecosystem,B1
ecstasy,B1
edge,B1
tongue,B1
edition,B1
educate,B1
effective,B1
efficiency,B1
efficient,B1
emphasis,B1
emphasize/emphasize,B1
empire,B1
tire,B1
enthusiasm,B1
enthusiast,B1
enthusiastic,B1
tile,B1
entire,B1
entirely,B1
entry,B1
tightly,B1
environmental,B1
environmentalist,B1
tighten,B1
biology,B1
equal,B1
equality,B1
equally,B1
equipment,B1
era,B1
tide,B1
biography,B1
entertainer,B1
tick,B1
entertain,B1
enrich,B1
employment,B1
enable,B1
enclose,B1
encounter,B1
encouragement,B1
encouraging,B1
encyclopedia/encyclopaedia,B1
endanger,B1
endless,B1
tiny,B1
tin,B1
endure,B1
enemy,B1
timely,B1
engage,B1
engaged,B1
engine,B1
engineering,B1
Englishman,B1
enjoyable,B1
enjoyment,B1
ensure,B1
decline,B1
declaration,B1
choir,B1
choke,B1
Christian,B1
chronological,B1
chuckle,B1
broadcast,B1
van,B1
circular,B1
variety,B1
circus,B1
civil,B1
civilization/civilisation,B1
valuable,B1
broad,B1
classical,B1
vain,B1
classify,B1
citizenship,B1
various,B1
broccoli,B1
vary,B1
charm,B1
chase,B1
chat show,B1
brotherhood,B1
check-in counter/check-in,B1
check-in desk/check-in,B1
checkout,B1
cheerful,B1
vein,B1
vehicle,B1
chemist,B1
chemistry,B1
vegetarian,B1
cherish,B1
bronze,B1
vast,B1
chest of drawers,B1
chewing gum,B1
chief,B1
vague,B1
brightly,B1
collar,B1
urgent,B1
urge,B1
upward,B1
columnist,B1
up-to-date,B1
combination,B1
combine,B1
comedian,B1
comedy,B1
comet,B1
comfort,B1
comma,B1
command,B1
comment,B1
commercial,B1
upper,B1
commit,B1
common sense,B1
commonly,B1
collapse,B1
charity,B1
breakthrough,B1
usage,B1
cliff,B1
climate,B1
vacancy,B1
briefly,B1
climber,B1
clinic,B1
clip,B1
brief,B1
closely,B1
brick,B1
breeding,B1
breed,B1
coal,B1
coastal,B1
useless,B1
used to,B1
cod,B1
breathless,B1
coffin,B1
breath,B1
breast,B1
upload,B1
chariot,B1
characterize/characterise,B1
calmness,B1
camel,B1
bump,B1
visual,B1
campsite,B1
canal,B1
cancel,B1
cancer,B1
visually,B1
candle,B1
bullet,B1
canned,B1
vision,B1
canteen,B1
bull,B1
visible,B1
capable,B1
capacity,B1
capsule,B1
bulletin,B1
calm,B1
caller,B1
calf,B1
burning,B1
burst,B1
volcano,B1
bust,B1
burglar,B1
butcher,B1
vividly,B1
volume,B1
bureau,B1
buyer,B1
vivid,B1
volunteer,B1
burden,B1
cabbage,B1
cabin,B1
bunch,B1
cage,B1
calculate,B1
calculation,B1
calculator,B1
visa,B1
virus,B1
capture,B1
virtual,B1
cave,B1
bubble,B1
CD-ROM,B1
victim,B1
vice president,B1
wagon,B1
celebrity,B1
cell,B1
vice,B1
via,B1
central,B1
central heating,B1
ceremony,B1
certainty,B1
vet,B1
vessel,B1
challenging,B1
champion,B1
channel,B1
chaos,B1
characteristic,B1
cautious,B1
charge,B1
caution,B1
cattle,B1
violently,B1
career,B1
violence,B1
builder,B1
careless,B1
carelessly,B1
carelessness,B1
carpet,B1
carriage,B1
carton,B1
vowel,B1
cashpoint,B1
casual,B1
buddy,B1
viewpoint,B1
voyage,B1
categorize/categorise,B1
category,B1
video clip,B1
victory,B1
declare,B1
uplifted,B1
companion,B1
uncontrollable,B1
crop,B1
crossing,B1
crossroads,B1
crow,B1
cruel,B1
unclear,B1
crush,B1
wardrobe,B1
critical,B1
cucumber,B1
cultivate,B1
cultural,B1
unbelievable,B1
bow,B1
cure,B1
curiosity,B1
curious,B1
curiously,B1
curly,B1
uncertainty,B1
critic,B1
crisis,B1
uncover,B1
undo,B1
counter,B1
countless,B1
county,B1
courage,B1
courageous,B1
courgette,B1
bracelet,B1
underpants,B1
craft,B1
underneath,B1
crash,B1
boxing,B1
ward,B1
creator,B1
undergo,B1
underage,B1
criminal,B1
currency,B1
current,B1
currently,B1
curriculum,B1
typical,B1
dating,B1
warning,B1
warranty,B1
daze,B1
dazzle,B1
deadline,B1
deadly,B1
deaf,B1
dealer,B1
twist,B1
twin,B1
debris,B1
debt,B1
boredom,B1
bore,B1
decision,B1
turtle,B1
turning,B1
counseling/counselling,B1
darkness,B1
curtain,B1
curve,B1
cushion,B1
customs,B1
bound,B1
bounce,B1
CV,B1
unafraid,B1
cycle,B1
unable,B1
warmly,B1
daisy,B1
damage,B1
damaged,B1
damp,B1
warmth,B1
dangerously,B1
dare,B1
warn,B1
typically,B1
update,B1
council,B1
cotton,B1
conclusion,B1
conduct,B1
unrelated,B1
unpredictable,B1
unpack,B1
confidence,B1
confirm,B1
confirmation,B1
conflict,B1
conclude,B1
confusing,B1
congratulate,B1
connect,B1
connection/connexion,B1
conquer,B1
unlucky,B1
conscious,B1
consequently,B1
conservation,B1
conservative,B1
confusion,B1
concerned,B1
concept,B1
concentration,B1
comparison,B1
compete,B1
competitive,B1
competitor,B1
unwell,B1
complement,B1
completely,B1
unwanted,B1
complex,B1
unusually,B1
complicate,B1
complicated,B1
compliment,B1
compose,B1
composition,B1
compound,B1
compromise,B1
untidy,B1
bravely,B1
considerable,B1
unlikely,B1
consideration,B1
unless,B1
controversial,B1
uninterested,B1
brand-new,B1
unify,B1
unheard,B1
convey,B1
convince,B1
unfriendly,B1
unfortunate,B1
copyright,B1
brainstorming,B1
unfold,B1
unfit,B1
unfairly,B1
unexpectedly,B1
correction,B1
unexpected,B1
unemployment,B1
unemployed,B1
undress,B1
cough,B1
contribution,B1
contrary,B1
consonant,B1
constantly,B1
constitute,B1
constitution,B1
construct,B1
construction,B1
consume,B1
consumer,B1
consumption,B1
contain,B1
universe,B1
unite,B1
content,B1
brass,B1
continual,B1
continually,B1
continuous,B1
continuously,B1
unique,B1
union,B1
uninteresting,B1
contribute,B1
behalf,B1
retell,B1
terrorism,B1
gorilla,B1
gossip,B1
struggle,B1
govern,B1
stubborn,B1
governor,B1
gown,B1
gorgeous,B1
grab,B1
graceful,B1
studio,B1
suspicion,B1
impair,B1
graduation,B1
stuffed,B1
stuck,B1
stumble,B1
swarm,B1
impression,B1
glorious,B1
glory,B1
improper,B1
strip,B1
bang,B1
goalkeeper,B1
swear,B1
stripe,B1
goddess,B1
bandage,B1
impressive,B1
golfer,B1
goodness,B1
goods,B1
sweatshirt,B1
improvement,B1
stun,B1
whenever,B1
gravy,B1
balance,B1
bakery,B1
baker,B1
greenhouse,B1
baggage,B1
subconscious,B1
survival,B1
greeting,B1
grill,B1
surrounding,B1
illness,B1
surround,B1
groom,B1
surprisingly,B1
ground floor,B1
illuminate,B1
immigration,B1
grave,B1
imaginary,B1
bald,B1
grant,B1
immigrate,B1
graph,B1
stunning,B1
stupid,B1
graphic,B1
stylish,B1
immediately,B1
suspect,B1
graphics,B1
survivor,B1
wherever,B1
imitate,B1
astronomer,B1
gratitude,B1
immediate,B1
swell,B1
wildlife,B1
systematic,B1
gay,B1
stream,B1
gee,B1
gene,B1
general,B1
syndrome,B1
whale,B1
independent,B1
generally,B1
indefinite article,B1
generate,B1
generous,B1
sympathy,B1
strengthen,B1
genetic,B1
symptom,B1
genetically,B1
garment,B1
strawberry,B1
industrial,B1
wetland,B1
gain,B1
gall,B1
gallon,B1
strangely,B1
gardening,B1
indoors,B1
individual,B1
strategic,B1
gap,B1
barely,B1
indirectly,B1
indirect,B1
straw,B1
tablet,B1
genetics,B1
stress,B1
gentleman,B1
gifted,B1
stricken,B1
giggle,B1
ginger,B1
giraffe,B1
giant,B1
glance,B1
wildly,B1
swimmer,B1
bank account,B1
glide,B1
glimpse,B1
glint,B1
global,B1
stretch,B1
stressful,B1
stressed,B1
incredibly,B1
incredible,B1
increasingly,B1
incorrect,B1
inconvenient,B1
sword,B1
geographical,B1
geography,B1
geology,B1
swollen,B1
gesture,B1
bare,B1
switch,B1
income,B1
including,B1
incident,B1
illegally,B1
whether,B1
ignore,B1
humorous,B1
helmet,B1
humor/humour,B1
sunset,B1
humid,B1
helpless,B1
sunrise,B1
hunger,B1
auxiliary,B1
hesitate,B1
whistle,B1
humanity,B1
hidden,B1
suddenly,B1
authority,B1
herd,B1
highlight,B1
available,B1
height,B1
whisper,B1
attach,B1
heart attack,B1
superior,B1
hearted,B1
widespread,B1
avenue,B1
hearty,B1
hunt,B1
attachment,B1
heater,B1
heaven,B1
heavenly,B1
heel,B1
hurriedly,B1
suffer,B1
highly,B1
sundial,B1
horrible,B1
holy,B1
horn,B1
horizon,B1
homeless,B1
attraction,B1
attract,B1
summit,B1
summarize/summarise,B1
honest,B1
honestly,B1
hopefully,B1
hopeful,B1
honesty,B1
honeymoon,B1
hopeless,B1
horrify,B1
suicide,B1
sunbathe,B1
attain,B1
hip,B1
sufficient,B1
hire,B1
historian,B1
housework,B1
suffix,B1
historic,B1
historical,B1
household,B1
attend,B1
hostel,B1
HIV,B1
whoever,B1
hearing,B1
fuss,B1
atomic,B1
identity card,B1
identity,B1
habitat,B1
backpacking,B1
surely,B1
backpacker,B1
backpack,B1
gymnastics,B1
hairdresser,B1
backache,B1
hammer,B1
handball,B1
hand-held,B1
supposedly,B1
hairdryer,B1
handkerchief,B1
gym,B1
whichever,B1
grouping,B1
growth,B1
guarantee,B1
guidance,B1
idol,B1
submarine,B1
idiom,B1
surgery,B1
guilt,B1
guilty,B1
bacon,B1
guitarist,B1
surgeon,B1
surface,B1
guide,B1
suppose,B1
supportive,B1
hasty,B1
awkward,B1
hatch,B1
atmosphere,B1
hatred,B1
haunt,B1
Atlantic,B1
awesome,B1
superstition,B1
hazard,B1
awareness,B1
headline,B1
hut,B1
heal,B1
healing,B1
haven,B1
harness,B1
ice hockey,B1
supply,B1
handshake,B1
babysitter,B1
handwriting,B1
handy,B1
supporter,B1
hang,B1
athletic,B1
hanging,B1
babysit,B1
harbor/harbour,B1
substantial,B1
substitute,B1
hardship,B1
hard-working,B1
ice skating,B1
aware,B1
furthest,B1
hop,B1
institute,B1
film-maker,B1
stick,B1
forth,B1
initially,B1
filter,B1
firework,B1
formula,B1
beast,B1
fortnight,B1
sticker,B1
tasteless,B1
finance,B1
inject,B1
flock,B1
former,B1
sticky,B1
tasty,B1
financial,B1
tendency,B1
finding,B1
taste,B1
inquiry/enquiry,B1
fortunate,B1
informative,B1
teen,B1
inscribe,B1
firmly,B1
fire station,B1
technique,B1
ingredient,B1
tank,B1
insane,B1
firm,B1
because of,B1
inhabitant,B1
inhale,B1
instructor,B1
fragment,B1
basement,B1
assistance,B1
filling,B1
instruction,B1
fountain,B1
foundation,B1
initial,B1
format,B1
beaver,B1
formally,B1
tend,B1
beautifully,B1
bathe,B1
flu,B1
tempt,B1
inspection,B1
industry,B1
foolish,B1
tease,B1
fondness,B1
fluent,B1
fond,B1
teaching,B1
battle,B1
teammate,B1
folk,B1
fluently,B1
fold,B1
temporary,B1
well-dressed,B1
teamwork,B1
flute,B1
innocent,B1
flavor/flavour,B1
foot,B1
forbidden,B1
formal,B1
injury,B1
ink,B1
instead of,B1
basin,B1
firefighter,B1
forgive,B1
basis,B1
innovator,B1
instance,B1
finger,B1
install/instal,B1
stir,B1
inspire,B1
flow,B1
forehead,B1
assignment,B1
forecast,B1
innermost,B1
tax,B1
technological,B1
freely,B1
assist,B1
fund,B1
takeaway,B1
assume,B1
first lady,B1
takeoff/take-off,B1
westward,B1
tale,B1
fellow,B1
inscription,B1
full-time,B1
intensive,B1
intense,B1
full stop,B1
barman,B1
fuel,B1
ferry,B1
terminal,B1
telecommunications,B1
frustration,B1
festive,B1
first floor,B1
frustrated,B1
funeral,B1
infection,B1
assign,B1
interaction,B1
furthermore,B1
favorable/favourable,B1
fax,B1
furnish,B1
interact,B1
teller,B1
intentionally,B1
terribly,B1
terror,B1
first-floor,B1
intention,B1
fur,B1
feast,B1
bark,B1
strain,B1
temper,B1
terrified,B1
terrific,B1
inevitable,B1
beard,B1
frying pan,B1
beat,B1
stormy,B1
fetch,B1
flash,B1
talkative,B1
friendliness,B1
associate,B1
fifth,B1
storage,B1
telegram,B1
freshman,B1
bedside,B1
frequently,B1
frequent,B1
frequency,B1
inform,B1
freezing,B1
insurance,B1
freezer,B1
tense,B1
storyteller,B1
fright,B1
tension,B1
term,B1
feverishly,B1
talented,B1
infinitive,B1
frozen,B1
frost,B1
tent,B1
fitness,B1
insight,B1
flunk,B1
barrel,B1
intend,B1
insist,B1
widow,B2
unstoppable,B2
untreated,B2
statesman,B2
untie,B2
unsure,B2
untalented,B2
unsuccessful,B2
statewide,B2
sage,B2
unthinkably,B2
subtle,B2
visibly,B2
sag,B2
stimulate,B2
untrimmed,B2
unsuitable,B2
unto,B2
unselfish,B2
revival,B2
stimulant,B2
subtitle,B2
sail,B2
stepmother,B2
sandstone,B2
suffering,B2
stereotype,B2
unkind,B2
vitamin,B2
sue,B2
salty,B2
stern,B2
suck,B2
vomit,B2
unlimited,B2
vital,B2
unload,B2
retrieve,B2
sufficiently,B2
vocalist,B2
retirement,B2
steering wheel,B2
steer,B2
stepfather,B2
steely,B2
spin,B2
sanitation,B2
sanitary,B2
universal,B2
retreat,B2
widen,B2
unjustly,B2
united,B2
salsa,B2
unlock,B2
salon,B2
unpopular,B2
salary,B2
statistics,B2
unrealistic,B2
unreasonable,B2
splatter,B2
reverse,B2
unreliable,B2
unrest,B2
suburb,B2
subtract,B2
unsafe,B2
zoom,B2
winding,B2
voter,B2
unofficial,B2
stiff,B2
successive,B2
saleswoman,B2
stew,B2
salesperson,B2
revelation,B2
unmistakable,B2
revenge,B2
salesmanship,B2
revenue,B2
unmistakably,B2
unnatural,B2
spite,B2
reverence,B2
unsatisfactory,B2
revive,B2
violate,B2
starving,B2
stride,B2
stopwatch,B2
rim,B2
vibration,B2
strictly,B2
vibrate,B2
valentine,B2
vaccine,B2
veteran,B2
valid,B2
stammer,B2
youthful,B2
squad,B2
satisfactory,B2
squash,B2
rip,B2
squeeze,B2
rosy,B2
striking,B2
utilize/utilise,B2
rider,B2
walkabout,B2
wilderness,B2
utter,B2
ridge,B2
utterly,B2
rightly,B2
stroke,B2
stonework,B2
righteousness,B2
stool,B2
wink,B2
stopover,B2
wage,B2
vacant,B2
strive,B2
walker,B2
vanish,B2
waist,B2
roam,B2
straighten,B2
straightforward,B2
rocky,B2
roar,B2
rocket,B2
verse,B2
strangle,B2
strait,B2
venture,B2
venue,B2
verbal,B2
stagger,B2
stain,B2
strand,B2
verbally,B2
stab,B2
waistcoat,B2
stake,B2
yummy,B2
stability,B2
vanity,B2
risky,B2
variation,B2
stack,B2
version,B2
zebra,B2
rite,B2
ritual,B2
windshield,B2
versus,B2
rival,B2
varied,B2
route,B2
zip,B2
utility,B2
unwise,B2
unworldly,B2
upbringing,B2
startle,B2
stingy,B2
rural,B2
unwilling,B2
stink,B2
subjunctive,B2
upgrade,B2
rhinoceros,B2
rhyme,B2
subdivision,B2
width,B2
vinegar,B2
subculture,B2
wipe,B2
subcontinent,B2
submit,B2
spokesman,B2
starve,B2
stimulation,B2
sack,B2
unusualness,B2
revolutionary,B2
rusty,B2
revolutionize/revolutionise,B2
starvation,B2
rush hour,B2
spokeswoman,B2
substance,B2
vow,B2
virtue,B2
virtually,B2
subside,B2
virtual reality,B2
subplot,B2
revolve,B2
stitch,B2
villager,B2
upright,B2
rug,B2
spreadsheet,B2
viewer,B2
wallboard,B2
rubble,B2
sprint,B2
stockpile,B2
urgently,B2
rub,B2
royalty,B2
spur,B2
stubbornly,B2
user,B2
usher,B2
stock market,B2
stock,B2
upside down,B2
stanza,B2
rhythmic,B2
rib,B2
stylist,B2
villa,B2
standstill,B2
standby,B2
vigorously,B2
spray,B2
vigorous,B2
ruinous,B2
urban,B2
vigor/vigour,B2
walnut,B2
revolution,B2
roommate,B2
seasonal,B2
spellbound,B2
short-term,B2
shortness,B2
well-paid,B2
sniff,B2
snore,B2
weakly,B2
snowball,B2
weaken,B2
western,B2
shoplifting,B2
shoplifter,B2
shoplift,B2
shopkeeper,B2
torch,B2
shooting,B2
soak,B2
soaked,B2
soaking,B2
tortoiseshell,B2
torture,B2
soar,B2
sob,B2
well-organized/well-organised,B2
ton,B2
tomb,B2
tiredness,B2
smokestack,B2
wondrous,B2
tiresome,B2
shrug,B2
shrink,B2
willingly,B2
tanned,B2
snap,B2
so-called,B2
toenail,B2
toil,B2
showbiz,B2
tan,B2
sneak,B2
worthless,B2
tame,B2
tolerant,B2
tolerate,B2
toll,B2
sneer,B2
wealthy,B2
showcase,B2
tiptoe,B2
tail,B2
shipping,B2
trainer,B2
sympathize/sympathise,B2
sympathetic,B2
softness,B2
trait,B2
traitor,B2
tramp,B2
trample,B2
shaky,B2
Shakespearean,B2
symbolic,B2
shaken,B2
syllable,B2
transcript,B2
transfusion,B2
transient,B2
transistor,B2
transition,B2
wreck,B2
transitive,B2
trainee,B2
trailer,B2
synonym,B2
tag,B2
tactile,B2
sociable,B2
tackle,B2
shield,B2
tough,B2
waterproof,B2
socialize/socialise,B2
tack,B2
shipwreck,B2
shed,B2
toxic,B2
retina,B2
shatter,B2
sharply,B2
trader,B2
tablecloth,B2
tabloid,B2
shabby,B2
slash,B2
therapist,B2
sister-in-law,B2
therapy,B2
thereafter,B2
slaughter,B2
thermometer,B2
tender,B2
thesis,B2
thickly,B2
thickness,B2
thigh,B2
worktable,B2
weed,B2
thinker,B2
third person,B2
thirdly,B2
temptation,B2
worrying,B2
sincerity,B2
sincere,B2
temporarily,B2
slap,B2
tenderly,B2
tenderness,B2
theorist,B2
skillful/skilful,B2
testify,B2
sketch,B2
testimony,B2
worm,B2
territory,B2
skillfully/skilfully,B2
skim,B2
terrifying,B2
thoroughly,B2
skip,B2
terrace,B2
skateboard,B2
worldview,B2
worldly,B2
wornout/worn out/worn-out,B2
skylark,B2
skyward,B2
slam,B2
theme,B2
slang,B2
skateboarder,B2
woodcarving,B2
workman,B2
well-built,B2
signify,B2
significantly,B2
sloppy,B2
workbench,B2
workaholic,B2
tightrope,B2
wordlessly,B2
worsen,B2
weary,B2
worship,B2
timeless,B2
smash,B2
wearisome,B2
timeliness,B2
times,B2
timing,B2
taunt,B2
tattoo,B2
tatter,B2
sliver,B2
tickle,B2
teaspoon,B2
thoughtful,B2
thoughtless,B2
thread,B2
temperate,B2
threaten,B2
thrill,B2
thrilled,B2
simultaneous,B2
wed,B2
thrilling,B2
welfare,B2
simplification,B2
weave,B2
telescope,B2
silverware,B2
well-balanced,B2
technically,B2
technical,B2
throat,B2
swing,B2
translation,B2
sexy,B2
supervise,B2
unaware,B2
span,B2
spare,B2
whiskey/whisky,B2
unbearable,B2
scramble,B2
supernatural,B2
unbeatable,B2
sparerib,B2
spark,B2
sparkling,B2
sparrow,B2
unchanged,B2
uncharacteristic,B2
unclearly,B2
scooter,B2
uncomfortably,B2
uncommon,B2
superintendent,B2
unconcerned,B2
supervision,B2
supervisor,B2
unavailable,B2
southward,B2
skilled,B2
withdraw,B2
typhoid,B2
tyranny,B2
tyrant,B2
seal,B2
scythe,B2
ultimate,B2
Soviet,B2
scientifically,B2
ultimately,B2
supplier,B2
whip,B2
spa,B2
scuba,B2
supplement,B2
scrooge,B2
unacceptable,B2
unashamedly,B2
scribble,B2
unattractive,B2
unauthorized/unauthorised,B2
soybean,B2
twisted,B2
unconscious,B2
superb,B2
scarcely,B2
unenthusiastic,B2
uneven,B2
scar,B2
scandal,B2
specify,B2
unfamiliar,B2
yield,B2
unfashionable,B2
spectacle,B2
unforeseen,B2
saving/savings,B2
ungodly,B2
unhappiness,B2
unhelpful,B2
unimaginable,B2
unimaginably,B2
speeder,B2
sulfur/sulphur,B2
uneasily,B2
unease,B2
undressed,B2
undreamed,B2
underestimate,B2
undergraduate,B2
underground,B2
schoolgirl,B2
scholasticism,B2
undersea,B2
understandable,B2
scheme,B2
understanding,B2
wit,B2
scheduled,B2
undertake,B2
scent,B2
specialty,B2
species,B2
underwear,B2
scarlet,B2
sunbeam,B2
undoubtedly,B2
specifically,B2
twinkle,B2
suppress,B2
tutor,B2
serial,B2
swan,B2
serene,B2
separately,B2
trial,B2
sensitive,B2
sustain,B2
sensible,B2
triangle,B2
tribe,B2
suspiciously,B2
suspicious,B2
somewhat,B2
tricky,B2
senator,B2
seminar,B2
suspend,B2
withdrawal,B2
tremor,B2
tremendously,B2
servant,B2
trek,B2
translator,B2
transmission,B2
transmit,B2
sexual,B2
sexism,B2
transparent,B2
solar,B2
wheat,B2
swift,B2
solidity,B2
trio,B2
traverse,B2
wolf,B2
soliloquy,B2
tread,B2
solo,B2
sweep,B2
solvent,B2
witty,B2
setback,B2
wasp,B2
treaty,B2
tray,B2
son-in-law,B2
trusty,B2
sector,B2
yawn,B2
truthful,B2
truthfulness,B2
tub,B2
warship,B2
tuberculosis,B2
soundtrack,B2
surrender,B2
secondly,B2
secondary,B2
tug,B2
tuition,B2
tulip,B2
second person,B2
yearn,B2
tumor/tumour,B2
tunnel,B2
turbulent,B2
surge,B2
suitably,B2
surroundings,B2
semi-final,B2
semicolon,B2
sonnet,B2
trivial,B2
seller,B2
trolley,B2
troop,B2
whereas,B2
trophy,B2
tropic,B2
selfless,B2
trunk,B2
self-confident,B2
wrongly,B2
X-ray,B2
seldom,B2
sophisticated,B2
troublesome,B2
segment,B2
seesaw,B2
wartime,B2
yacht,B2
surveillance,B2
self-confidence,B2
willing,B2
penalty,B2
retailer,B2
disorderly,B2
disorganized/disorganised,B2
dispensable,B2
displace,B2
displeasure,B2
disposal,B2
disposition,B2
dispute,B2
disqualify,B2
disregard,B2
disrupt,B2
dissatisfaction,B2
disorder,B2
dissatisfied,B2
distinguished,B2
distortion,B2
distract,B2
distraction,B2
distressing,B2
distributor,B2
diversion,B2
divert,B2
divided,B2
division,B2
divorce,B2
DNA,B2
dissident,B2
dismiss,B2
disillusion,B2
dishonesty,B2
devil,B2
devote,B2
devoted,B2
diarrhea/diarrhoea,B2
dictator,B2
digest,B2
dignify,B2
dignity,B2
dilemma,B2
dim,B2
dime,B2
dimension,B2
dip,B2
diphtheria,B2
diploma,B2
diplomat,B2
disappearance,B2
disapproval,B2
disapprove,B2
discharge,B2
disciple,B2
discipline,B2
disconnect,B2
discredit,B2
discriminate,B2
disgrace,B2
disguise,B2
dock,B2
domestic,B2
dominate,B2
donate,B2
duplicate,B2
duplication,B2
dwarf,B2
dye,B2
dynamic,B2
eagerly,B2
eagle,B2
earnings,B2
ease,B2
eastward,B2
ecologically,B2
ecologist,B2
economical,B2
economist,B2
ecstatic,B2
edit,B2
editorial,B2
educated,B2
educator,B2
effectively,B2
effectiveness,B2
elect,B2
elective,B2
electrician,B2
electronically,B2
elegance,B2
elegant,B2
dumb,B2
developing,B2
duel,B2
dropout,B2
donation,B2
donkey,B2
doom,B2
doorkeeper,B2
doorway,B2
dorm,B2
dormitory,B2
dose,B2
doubly,B2
doubtful,B2
dove,B2
downfall,B2
downsize,B2
dowry,B2
draft/draught,B2
drain,B2
dramatically,B2
drapery,B2
dread,B2
dreadful,B2
dreamy,B2
drinkable,B2
droop,B2
drought,B2
elegantly,B2
determiner,B2
detect,B2
crucial,B2
cruelly,B2
cruelty,B2
crystallize/crystallise,B2
cube,B2
cubism,B2
cuff,B2
culmination,B2
culturally,B2
curl,B2
crossly,B2
cursor,B2
cybercafe/cybercafé,B2
cybercrime,B2
cyberpet,B2
cyberschool,B2
cyberspace,B2
cyclist,B2
daft,B2
damn,B2
dandelion,B2
darling,B2
dash,B2
data,B2
cyberaddict,B2
crocodile,B2
criticism,B2
critically,B2
corrupt,B2
corruption,B2
costly,B2
costume,B2
cottage,B2
countryman,B2
countrywide,B2
courtesy,B2
coward,B2
cowardly,B2
coziness/cosiness,B2
cozy/cosy,B2
crab,B2
crack,B2
craftsman,B2
crater,B2
crawl,B2
crease,B2
creation,B2
creatively,B2
creek,B2
creepy,B2
crew,B2
cripple,B2
database,B2
dated,B2
daughter-in-law,B2
dawn,B2
deliberately,B2
delicacy,B2
delicately,B2
demanding,B2
demolish,B2
denim,B2
dense,B2
densely,B2
dental,B2
dependable,B2
deputy,B2
descend,B2
descriptive,B2
desirable,B2
desktop,B2
desolation,B2
desperately,B2
desperation,B2
despise,B2
destiny,B2
detach,B2
detachment,B2
detailed,B2
deliberate,B2
determined,B2
delegate,B2
defy,B2
daytime,B2
de facto,B2
dearly,B2
debit,B2
debit card,B2
decade,B2
decay,B2
deceive,B2
decent,B2
deceptive,B2
decisive,B2
deck,B2
decomposition,B2
decorate,B2
decoration,B2
decorative,B2
dedication,B2
deduce,B2
deduction,B2
deem,B2
deer,B2
deficit,B2
deforestation,B2
dehumanize/dehumanise,B2
elemental,B2
eligible,B2
elite,B2
fixed,B2
flame,B2
flap,B2
flaw,B2
flawless,B2
flax,B2
flee,B2
fleet,B2
flesh,B2
flexibility,B2
flexible,B2
flip,B2
fluency,B2
fluid,B2
flutter,B2
follower,B2
folly,B2
fondly,B2
foolishly,B2
footnote,B2
flexibly,B2
fiscal,B2
firstly,B2
first person,B2
fearsome,B2
feat,B2
fed up,B2
federal,B2
feedback,B2
ferryboat,B2
fiber/fibre,B2
fictional,B2
fierce,B2
fighting,B2
figurative,B2
filial,B2
financially,B2
finely,B2
fingernail,B2
fire brigade,B2
firearm,B2
fireplace,B2
firmness,B2
first language,B2
forcefully,B2
foreman,B2
foresee,B2
forestry,B2
gangster,B2
gardener,B2
gasp,B2
gateway,B2
gaudy,B2
gaze,B2
gear,B2
generalization/generalisation,B2
generalize/generalise,B2
generosity,B2
generously,B2
genius,B2
genre,B2
gently,B2
genuine,B2
genuinely,B2
geographic,B2
germ,B2
getaway,B2
ghetto,B2
giveaway,B2
glacis,B2
glamorous/glamourous,B2
glare,B2
gleam,B2
glee,B2
global warming,B2
gang,B2
gambling,B2
furor/furore,B2
formation,B2
formerly,B2
formidable,B2
forthcoming,B2
foul,B2
found,B2
fox,B2
fragrance,B2
frankly,B2
frantically,B2
fraud,B2
freak,B2
friendly,B2
frigate,B2
frontier,B2
frugal,B2
fulfill/fulfil,B2
fume,B2
functional,B2
functionality,B2
fundamental,B2
funk,B2
funky,B2
furious,B2
furiously,B2
gaiety,B2
faulty,B2
father-in-law,B2
fate,B2
equation,B2
equip,B2
equity,B2
erect,B2
erupt,B2
eruption,B2
essayist,B2
essentially,B2
estate,B2
estimated,B2
eternally,B2
ethic,B2
ethnic,B2
evacuate,B2
evacuation,B2
evaluate,B2
evaluation,B2
everlasting,B2
evidently,B2
evil,B2
evolution,B2
evolve,B2
exactness,B2
exaggerate,B2
exaggeration,B2
exalt,B2
examinee,B2
environmentally,B2
eloquence,B2
eloquent,B2
embassy,B2
embrace,B2
emergence,B2
emphatically,B2
employ,B2
employee,B2
employer,B2
endeavor/endeavour,B2
endlessly,B2
endorse,B2
endurance,B2
enduring,B2
energy,B2
enforce,B2
engagement,B2
engulf,B2
enhance,B2
enroll/enrol,B2
enterprise,B2
entertaining,B2
enthusiastically,B2
entitle,B2
entrepreneur,B2
environment,B2
environmentally friendly,B2
corridor,B2
exceed,B2
exception,B2
exquisite,B2
extension,B2
extensive,B2
external,B2
extract,B2
extraordinarily,B2
exultant,B2
eyebrow,B2
eyelash,B2
eyelid,B2
fabric,B2
fabulous,B2
facilitate,B2
facilities,B2
factor,B2
faculty,B2
faith,B2
falter,B2
fame,B2
familiarize/familiarise,B2
fantastically,B2
fascinated,B2
fascination,B2
fatal,B2
expressive,B2
excel,B2
export,B2
explorer,B2
exceptional,B2
exceptionally,B2
excessive,B2
exclaim,B2
exclamation mark,B2
exclude,B2
exclusion,B2
exclusively,B2
excursion,B2
execute,B2
execution,B2
executive,B2
exhaust,B2
exhausting,B2
exhaustion,B2
exhibit,B2
exile,B2
existing,B2
exotic,B2
expansion,B2
expectation,B2
expected,B2
expedition,B2
explode,B2
exploit,B2
explosive,B2
corresponding,B2
correspondent,B2
correspondence,B2
backup,B2
backward/backwards,B2
backyard,B2
badge,B2
bad-tempered,B2
balanced,B2
balky,B2
ballad,B2
ballet,B2
ballot,B2
ban,B2
axis,B2
banker,B2
bankruptcy,B2
barbershop,B2
barley,B2
barn,B2
barometer,B2
barren,B2
barrier,B2
bartender,B2
bathhouse,B2
bankrupt,B2
ax/axe,B2
awe,B2
await,B2
assert,B2
assess,B2
assessment,B2
assumption,B2
assurance,B2
assure,B2
astonish,B2
astonished,B2
astonishing,B2
astonishment,B2
astronomy,B2
athletics,B2
attached,B2
attainable,B2
attainment,B2
attendance,B2
attentive,B2
attentively,B2
attractiveness,B2
attribute,B2
atypical,B2
aubergine,B2
audit,B2
audition,B2
authoritative,B2
authorize/authorise,B2
availability,B2
battlefield,B2
beagle,B2
beak,B2
beam,B2
blindly,B2
blindness,B2
blink,B2
bloodstream,B2
bloody,B2
blooming,B2
blossom,B2
blur,B2
blurt,B2
boiling,B2
bolt,B2
bombard,B2
bomber,B2
bombing,B2
bony,B2
bookish,B2
booklet,B2
bookmark,B2
boost,B2
booth,B2
bossy,B2
botany,B2
bothered,B2
bothersome,B2
blaze,B2
assembly,B2
blast,B2
bizarre,B2
bearing,B2
beautify,B2
bellow,B2
belongings,B2
beneficial,B2
benevolence,B2
benevolent,B2
berry,B2
bestow,B2
bestseller,B2
betray,B2
bewilder,B2
bewilderment,B2
bid,B2
bidding,B2
bikini,B2
billion,B2
bind,B2
bio,B2
biological,B2
biotechnology,B2
birdcage,B2
birthplace,B2
bitterly,B2
blade,B2
assemble,B2
assault,B2
aspire,B2
admirable,B2
admiringly,B2
admittedly,B2
adopted,B2
adoption,B2
adore,B2
adorn,B2
advancement,B2
advent,B2
adventurous,B2
adverse,B2
adversely,B2
adversity,B2
affectionate,B2
affectionately,B2
affordable,B2
ageless,B2
aggressively,B2
agonize/agonise,B2
agony,B2
aircraft,B2
aircrew,B2
alcoholism,B2
alert,B2
administrative,B2
allegation,B2
adjustment,B2
adequate,B2
retard,B2
abandoned,B2
abnormally,B2
abolish,B2
aboriginal,B2
abruptly,B2
absentee,B2
absurd,B2
abuse,B2
accessibility,B2
accommodation,B2
accordingly,B2
accumulate,B2
accusation,B2
achievable,B2
acid,B2
acquisition,B2
actively,B2
actual,B2
acute,B2
adaptable,B2
addict,B2
addicted,B2
addiction,B2
additionally,B2
adequately,B2
alliance,B2
alongside,B2
anticipate,B2
anticipation,B2
antipollution,B2
antistatic,B2
antivirus,B2
apostrophe,B2
applicant,B2
appreciative,B2
appropriately,B2
approximate,B2
arch,B2
archaeologist/archeologist,B2
arctic,B2
arena,B2
aristocracy,B2
armful,B2
arouse,B2
arrogant,B2
artery,B2
articulate,B2
artificially,B2
artistry,B2
ash,B2
aspiration,B2
anticancer,B2
ally,B2
antibacterial,B2
anonymous,B2
alphabetical,B2
altar,B2
alter,B2
alternate,B2
alternatively,B2
altitude,B2
aluminum/aluminium,B2
amaze,B2
amazement,B2
amazingly,B2
ambassador,B2
ambiguity,B2
ambiguous,B2
ammonia,B2
amongst,B2
ample,B2
amplifier,B2
amplify,B2
amuse,B2
analogy,B2
analyst,B2
anchor,B2
anchorage,B2
anchorman,B2
anchorperson,B2
anguish,B2
animate,B2
antiaircraft,B2
globally,B2
compassion,B2
compassionate,B2
compatible,B2
compensate,B2
compensation,B2
competence,B2
competent,B2
compile,B2
completion,B2
complexion,B2
complexity,B2
component,B2
commute,B2
comprehension,B2
compress,B2
compression,B2
compulsory,B2
compute,B2
conceal,B2
concede,B2
conceit,B2
conceivable,B2
conceive,B2
conception,B2
comprehensive,B2
community,B2
communicative,B2
commonwealth,B2
coaching,B2
coalition,B2
coarse,B2
coastline,B2
cocktail,B2
cocoa,B2
coconut,B2
coherence,B2
coherent,B2
coincide,B2
coincidence,B2
colleague,B2
collector,B2
collocation,B2
colon,B2
colonial,B2
coma,B2
comfortably,B2
commander,B2
commemorate,B2
commerce,B2
commission,B2
concerning,B2
concession,B2
concrete,B2
condemn,B2
contradictory,B2
controversy,B2
conveniently,B2
convention,B2
conventional,B2
converse,B2
conversely,B2
conversion,B2
convert,B2
convinced,B2
cooperate,B2
cooperation,B2
cooperative,B2
cope,B2
copper,B2
coral,B2
core,B2
cornerstone,B2
cornet,B2
corona,B2
corporal,B2
corporate,B2
corporation,B2
correctness,B2
correspond,B2
contradiction,B2
clumsy,B2
contradict,B2
conductor,B2
cone,B2
conference,B2
conferencing,B2
confess,B2
confession,B2
confidently,B2
confine,B2
confront,B2
conjunction,B2
conquest,B2
conscience,B2
consciousness,B2
consensus,B2
consent,B2
considerably,B2
considering,B2
consistent,B2
consolation,B2
console,B2
constant,B2
consult,B2
consultant,B2
contaminate,B2
contemporary,B2
contempt,B2
contract,B2
clothing,B2
closure,B2
clog,B2
burdensome,B2
bureaucracy,B2
burglary,B2
burgle,B2
burial,B2
bustle,B2
bustling,B2
buzz,B2
cabinet,B2
cable,B2
calmly,B2
campaign,B2
candidate,B2
cane,B2
cannonball,B2
canon,B2
capability,B2
caption,B2
captive,B2
caravan,B2
carbon,B2
carbon dioxide,B2
carbon footprint,B2
carbon monoxide,B2
cardboard,B2
cardigan,B2
carefree,B2
bun,B2
bum,B2
boxer,B2
bracket,B2
brag,B2
bravery,B2
breakable,B2
breakdown,B2
breakup,B2
breathtaking,B2
breezy,B2
brewery,B2
brilliantly,B2
broadband,B2
broadcaster,B2
broaden,B2
broadly,B2
brochure,B2
brother-in-law,B2
browse,B2
browser,B2
bruise,B2
bud,B2
bulimia,B2
bully,B2
bumper,B2
bourbon,B2
caring,B2
carpool,B2
cheeky,B2
cheerfully,B2
cheerfulness,B2
chemotherapy,B2
cherished,B2
cherry,B2
chew,B2
childish,B2
chimney,B2
chip,B2
chop,B2
chunk,B2
circuit,B2
circuitry,B2
circumstance,B2
citywide,B2
clam,B2
clap,B2
clarify,B2
classification,B2
clause,B2
clearness,B2
clerical,B2
client,B2
climate change,B2
checkpoint,B2
carnival,B2
cheat,B2
charming,B2
carve,B2
cascade,B2
cast,B2
casually,B2
catalog/catalogue,B2
catalyst,B2
catastrophe,B2
catastrophic,B2
catchy,B2
categorization/categorisation,B2
catering,B2
cathedral,B2
cease,B2
ceiling,B2
cellar,B2
cellist,B2
cello,B2
cemetery,B2
centigrade,B2
certificate,B2
certification,B2
certify,B2
chancellor,B2
chaotic,B2
glocal,B2
electronics,B2
glorify,B2
parade,B2
paradox,B2
paralysis,B2
paramedic,B2
paratrooper,B2
parliament,B2
participation,B2
particle,B2
particular,B2
partisan,B2
partnership,B2
paperwork,B2
passionate,B2
pastor,B2
pastoral,B2
patch,B2
patiently,B2
patriot,B2
patriotic,B2
patriotism,B2
patron,B2
pave,B2
pavement,B2
paw,B2
pawnbroker,B2
passionately,B2
paperless,B2
papaya,B2
overhear,B2
overlap,B2
overlook,B2
overly,B2
overshadow,B2
oversize,B2
overstep,B2
overtake,B2
overthrow,B2
overtime,B2
overturn,B2
ow,B2
owing to,B2
owl,B2
ox,B2
ozone,B2
pa,B2
packed,B2
packet,B2
pad,B2
paintbrush,B2
pajamas/pyjamas,B2
pallet,B2
pancake,B2
pandemic,B2
panel,B2
pawnshop,B2
payment,B2
peacefully,B2
peach,B2
persuasion,B2
pessimist,B2
pessimistic,B2
petrified,B2
petty,B2
pH,B2
pharmacist,B2
phase,B2
philosophical,B2
physician,B2
pi,B2
pickle,B2
picky,B2
picturesque,B2
pillowcase,B2
pine,B2
pint,B2
piracy,B2
pirate,B2
pitch,B2
plague,B2
planning,B2
playmate,B2
playwright,B2
perspiration,B2
overestimate,B2
perspective,B2
personify,B2
peak,B2
pearl,B2
pebble,B2
pedal,B2
pedantic,B2
pedestrian,B2
pee,B2
peel,B2
peep,B2
peer,B2
peg,B2
penalize/penalise,B2
penetrate,B2
penguin,B2
penicillin,B2
pension,B2
pentagon,B2
perceive,B2
percentage,B2
perception,B2
permanence,B2
permeate,B2
perseverance,B2
persist,B2
persistence,B2
persistent,B2
personification,B2
personnel,B2
plead,B2
overemphasize/overemphasise,B2
overbook,B2
nightmare,B2
nobility,B2
noble,B2
nobleman,B2
nomad,B2
nomination,B2
nominee,B2
nonprofessional,B2
non-smoking,B2
northward,B2
nostril,B2
nightclub,B2
nought,B2
nourishment,B2
novelty,B2
nuisance,B2
numerical,B2
nursery,B2
nut,B2
nutshell,B2
oath,B2
obedience,B2
obedient,B2
obey,B2
nourish,B2
nicely,B2
newsworthy,B2
nano,B2
narcissistic,B2
narrator,B2
narrowly,B2
nationwide,B2
native speaker,B2
naughty,B2
naval,B2
navigate,B2
navigation,B2
navy,B2
neat,B2
necessarily,B2
necessity,B2
needless,B2
needy,B2
negatively,B2
neglect,B2
neighboring/neighbouring,B2
neither,B2
nerve,B2
nerves,B2
nervously,B2
netsurfer/net surfer,B2
neurosis,B2
newscaster,B2
obituary,B2
obligation,B2
originate,B2
ornament,B2
ounce,B2
outback,B2
outbreak,B2
outcome,B2
outdistance,B2
outdo,B2
outfit,B2
outgrow,B2
outing,B2
outlet,B2
outlive,B2
outlook,B2
outpatient,B2
output,B2
outrage,B2
outrageous,B2
outshine,B2
outsider,B2
outskirts,B2
outwardly,B2
oval,B2
overall,B2
overboard,B2
originally,B2
overcoat,B2
originality,B2
organizer/organiser,B2
observer,B2
obsess,B2
obsession,B2
obsessive,B2
odd,B2
offend,B2
offender,B2
offense/offence,B2
offhand,B2
offshore,B2
ointment,B2
olive,B2
Olympia,B2
Olympiad,B2
openly,B2
operator,B2
opponent,B2
optimism,B2
optimist,B2
optimistic,B2
optional,B2
orator,B2
orchestral,B2
orchid,B2
plot,B2
pluck,B2
rattle,B2
ravage,B2
reaction,B2
readily,B2
real estate,B2
realization/realisation,B2
rear,B2
reasonably,B2
rebel,B2
rebellious,B2
recession,B2
rash,B2
recipe,B2
recognition,B2
recollect,B2
recollection,B2
recommendable,B2
recommendation,B2
reconsider,B2
recreation,B2
recruit,B2
rectangular,B2
redo,B2
redundant,B2
reed,B2
reckon,B2
rape,B2
ranger,B2
quarantine,B2
quarrel,B2
quarrelsome,B2
queer,B2
query,B2
quotable,B2
quotation,B2
quote,B2
racism,B2
racist,B2
rack,B2
radar,B2
radiate,B2
radical,B2
radically,B2
radium,B2
rafter,B2
rag,B2
rainbow,B2
rainstorm,B2
rally,B2
ram,B2
ramp,B2
reference,B2
referent,B2
refinery,B2
reflective,B2
remarkably,B2
reminder,B2
rental,B2
reorganize/reorganise,B2
repaint,B2
repertoire,B2
repetition,B2
replacement,B2
replica,B2
repress,B2
repression,B2
reprint,B2
reprove,B2
residence,B2
resign,B2
resignation,B2
resistance,B2
resolution,B2
resonant,B2
respectably,B2
respected,B2
respiration,B2
respiratory,B2
restriction,B2
resume,B2
quantify,B2
remains,B2
reluctant,B2
reform,B2
refrain,B2
refresh,B2
refuge,B2
refugee,B2
refute,B2
regardless,B2
reggae,B2
regime,B2
regrettably,B2
regulate,B2
rehearsal,B2
reinforce,B2
reinforcement,B2
rejection,B2
rejoin,B2
related,B2
relativity,B2
relaxation,B2
relay,B2
relevant,B2
relic,B2
relief,B2
relieve,B2
relieved,B2
remaining,B2
qualification,B2
puzzled,B2
pursuit,B2
practicality,B2
practically,B2
prance,B2
prawn,B2
precede,B2
precisely,B2
predicament,B2
predicate,B2
predicative,B2
predictable,B2
predictive,B2
predictor,B2
prefect,B2
preferable,B2
preferably,B2
prehistoric,B2
prehuman,B2
preindustrial,B2
prejudge,B2
preliminary,B2
preoccupy,B2
prescribe,B2
presenter,B2
presidency,B2
presidential,B2
powerfully,B2
prestige,B2
potentially,B2
plum,B2
gloomy,B2
pneumonia,B2
point of view,B2
pointless,B2
polar bear,B2
polio,B2
polish,B2
politeness,B2
politically,B2
polity,B2
polo,B2
ponder,B2
popularity,B2
popularize/popularise,B2
porch,B2
portion,B2
pose,B2
posh,B2
possessed,B2
postal,B2
postpone,B2
potent,B2
mystify,B2
prestigious,B2
prompt,B2
promptly,B2
proponent,B2
proposed,B2
prose,B2
prosecute,B2
prospect,B2
prosper,B2
proudly,B2
proven,B2
province,B2
provision,B2
proximity,B2
psychologically,B2
psychology,B2
publication,B2
publicity,B2
publicize/publicise,B2
pudding,B2
pulse,B2
pumpkin,B2
punch,B2
punctual,B2
punctuality,B2
purchase,B2
purposeful,B2
prominence,B2
presumably,B2
prom,B2
project,B2
prevail,B2
prevention,B2
preventive,B2
previously,B2
priceless,B2
prick,B2
primary,B2
prime,B2
prime minister,B2
prior,B2
priority,B2
privately,B2
privilege,B2
probable,B2
probe,B2
procedure,B2
profile,B2
profit,B2
profitable,B2
programmer,B2
programming,B2
prohibit,B2
projection,B2
mutton,B2
plumber,B2
mutable,B2
impulsive,B2
inaccurate,B2
inadequate,B2
inanimate,B2
inborn,B2
incense,B2
incentive,B2
incur,B2
incurable,B2
indebted,B2
indent,B2
impulse,B2
independently,B2
index,B2
indifferent,B2
indignity,B2
indispensable,B2
indulge,B2
indulgent,B2
industrialize/industrialise,B2
ineffective,B2
inert,B2
inexperienced,B2
infant,B2
indescribable,B2
improved,B2
improperly,B2
improbable,B2
illustrate,B2
illustration,B2
imagery,B2
imitation,B2
immerse,B2
immigrant,B2
immoral,B2
immortal,B2
immortality,B2
impartial,B2
impatiently,B2
imperative,B2
impermanent,B2
implement,B2
implication,B2
imply,B2
impolite,B2
impolitely,B2
import,B2
impose,B2
impossibility,B2
impractical,B2
impressed,B2
impressionism,B2
impressionist,B2
imprison,B2
imprisonment,B2
infect,B2
infected,B2
infectious,B2
infer,B2
institution,B2
instruct,B2
insufficient,B2
insult,B2
integrate,B2
intellectual,B2
intent,B2
interactive,B2
interfere,B2
interior,B2
interpersonal,B2
interpret,B2
interpretation,B2
interpreter,B2
interruption,B2
intersection,B2
intimate,B2
intransitive,B2
intravenous,B2
intrude,B2
intruder,B2
intrusion,B2
invariable,B2
invariably,B2
inventor,B2
inverted commas,B2
investigate,B2
instinct,B2
ignorant,B2
instill/instil,B2
inspirational,B2
inference,B2
inflammation,B2
inflammatory,B2
inflate,B2
inflation,B2
influential,B2
influenza,B2
informal,B2
infringe,B2
infringement,B2
inhabit,B2
inherit,B2
initiative,B2
injection,B2
injured,B2
innate,B2
innocently,B2
innovation,B2
innovative,B2
input,B2
inquire/enquire,B2
inseparable,B2
inspect,B2
inspector,B2
instantly,B2
ignorance,B2
idle,B2
idiot,B2
guerrilla,B2
guideline,B2
gulp,B2
gum,B2
gunshot,B2
guts,B2
gymnastic,B2
habitant,B2
hail,B2
hairy,B2
handicap,B2
handicraft,B2
handout,B2
handrail,B2
hard drive,B2
hardware,B2
harmless,B2
harrow,B2
haste,B2
hastily,B2
hatching,B2
haunting,B2
hay,B2
hazardous,B2
growing,B2
mutter,B2
glow,B2
goat,B2
god,B2
godly,B2
goodwill,B2
gook,B2
gorge,B2
governmental,B2
gracefulness,B2
gradual,B2
grain,B2
grand,B2
graphically,B2
grasp,B2
gravestone,B2
gravitation,B2
greatness,B2
grief,B2
grieve,B2
grim,B2
grin,B2
grip,B2
gross,B2
grown-up,B2
investigator,B2
headquarters,B2
heap,B2
housewife,B2
hover,B2
hugely,B2
human rights,B2
humane,B2
humanist,B2
humanize/humanise,B2
humble,B2
humbug,B2
humiliate,B2
humiliating,B2
humiliation,B2
hunting,B2
hush,B2
hybrid,B2
hygiene,B2
hyperbole,B2
hyphen,B2
iceman,B2
icon,B2
icy,B2
ideally,B2
identical,B2
identification,B2
identify,B2
ideology,B2
housemaster,B2
health care,B2
housekeeper,B2
hospitalize/hospitalise,B2
heartbreaking,B2
heartwarming/heart-warming,B2
hedge,B2
helicopter,B2
hell,B2
helper,B2
hemp,B2
herb,B2
heritage,B2
hesitation,B2
high-tech/hi-tech,B2
hijack,B2
hilarious,B2
hint,B2
holder,B2
hollow,B2
holocaust,B2
homeward,B2
hone,B2
honorable/honourable,B2
hood,B2
hook,B2
hospice,B2
hospitable,B2
hospitality,B2
hourly,B2
investment,B2
idolize/idolise,B2
invisible,B2
mausoleum,B2
means,B2
mechanize/mechanise,B2
media,B2
medication,B2
medieval/mediaeval,B2
mediocre,B2
melody,B2
memorial,B2
mentor,B2
merchandise,B2
mercy,B2
merge,B2
merger,B2
messenger,B2
metaphor,B2
metric,B2
micro,B2
microbe,B2
microcomputer,B2
micrometer/micrometre,B2
microorganism,B2
microphone,B2
microscope,B2
microscopy,B2
mature,B2
microwave,B2
mathematical,B2
mastery,B2
madame,B2
madness,B2
maestro,B2
magnify,B2
malady,B2
malaria,B2
mama/mamma,B2
mango,B2
manipulate,B2
mansion,B2
manual,B2
manufacture,B2
manufacturer,B2
manufacturing,B2
marathon,B2
margin,B2
marketing,B2
martial art,B2
mask,B2
massacre,B2
massage,B2
masseur,B2
master,B2
masterpiece,B2
mate,B2
madam,B2
midst,B2
migration,B2
moonscape,B2
morality,B2
morally,B2
mortal,B2
mortar,B2
mortgage,B2
mortify,B2
mother-in-law,B2
motion,B2
motivated,B2
motorbike,B2
motorist,B2
mournful,B2
mover,B2
moving,B2
muddy,B2
multiple,B2
multiply,B2
mumble,B2
murmur,B2
muse,B2
investor,B2
mustache/moustache,B2
mutability,B2
moonlight,B2
mighty,B2
moody,B2
momentary,B2
mill,B2
millimeter/millimetre,B2
millionaire,B2
mimic,B2
miniature,B2
minister,B2
mint,B2
misconception,B2
misfortune,B2
misleading,B2
missile,B2
mist,B2
mistreat,B2
mistrustful,B2
misunderstand,B2
mixture,B2
mobility,B2
mock,B2
modernization/modernisation,B2
modernize/modernise,B2
modest,B2
modification,B2
mogul,B2
mold/mould,B2
momentarily,B2
monastery,B2
lyrics,B2
microscopic,B2
keeper,B2
kerosene,B2
keystroke,B2
kneel,B2
knot,B2
knowingly,B2
known,B2
label,B2
laborer/labourer,B2
lame,B2
lance,B2
karaoke,B2
landing,B2
landslide,B2
lap,B2
laptop,B2
lark,B2
laser,B2
last minute,B2
lastly,B2
last-minute,B2
laundry,B2
lava,B2
landlady,B2
kangaroo,B2
justify,B2
jury,B2
invitingly,B2
invoke,B2
involvement,B2
ironically,B2
irrational,B2
irresistible,B2
irresistibly,B2
irresponsible,B2
irritated,B2
irritating,B2
irritation,B2
islander,B2
italicize/italicise,B2
itch,B2
jaw,B2
jealously,B2
jeopardize/jeopardise,B2
jeweler/jeweller,B2
journalism,B2
judo,B2
junk food,B2
juror,B2
lawmaker,B2
lawn,B2
keen,B2
literal,B2
lighten,B2
lighting,B2
likewise,B2
linen,B2
liner,B2
ling,B2
linger,B2
listener,B2
literally,B2
litter,B2
loan,B2
lobby,B2
loneliness,B2
long-distance,B2
long-term,B2
loosely,B2
lousy,B2
lower,B2
lowland,B2
lucrative,B2
lawsuit,B2
lush,B2
luxurious,B2
lifetime,B2
lifeless,B2
limb,B2
leek,B2
leak,B2
learning,B2
lease,B2
leash,B2
lecturer,B2
lid,B2
legend,B2
legendary,B2
legislate,B2
layabout,B2
legislation,B2
leaflet,B2
legislator,B2
legislature,B2
legitimate,B2
leisurely,B2
lengthen,B2
lengthy,B2
leopard,B2
legislative,B2
lest,B2
liberal,B2
lick,B2
nondescript,C1
precision,C1
silhouette,C1
personalize/personalise,C1
apprentice,C1
limitless,C1
tailor,C1
personalization/personalisation,C1
negligible,C1
apprenticeship,C1
negligent,C1
wry,C1
principally,C1
altruism,C1
altruistic,C1
scenario,C1
voluntary,C1
voluntarily,C1
reap,C1
paternal,C1
maternal,C1
maternalistic,C1
pathos,C1
paternalistic,C1
provisions,C1
negligently,C1
rendering,C1
poetess,C1
eccentrically,C1
wryly,C1
injustice,C1
confide,C1
sentient,C1
sentiment,C1
sentimental,C1
sentimentally,C1
tangle,C1
tangled,C1
untangle,C1
untangled,C1
perceptive,C1
perceptively,C1
outset,C1
tycoon,C1
engross,C1
engrossing,C1
detritus,C1
detriment,C1
detrimental,C1
detrimentally,C1
domestically,C1
domesticate,C1
domestication,C1
render,C1
impoverished,C1
compromised,C1
unsustainably,C1
intuitive,C1
intuitively,C1
marginal,C1
marginally,C1
crude,C1
crudely,C1
strap,C1
strapping,C1
scoff,C1
fiddly,C1
fiddler,C1
fiddle,C1
unmusical,C1
unmusically,C1
repertory,C1
concerto,C1
premier,C1
fanatic,C1
fanatically,C1
acoustically,C1
acoustic,C1
realism,C1
acoustics,C1
daunting,C1
daunt,C1
realist,C1
justly,C1
intuition,C1
intuit,C1
reminiscent,C1
reminisce,C1
sustainable,C1
sustainably,C1
bypass,C1
cynic,C1
cynical,C1
cynically,C1
cynicism,C1
sarcasm,C1
sarcastic,C1
sarcastically,C1
misplace,C1
symptomatic,C1
unsustainable,C1
degrade,C1
degradation,C1
discourse,C1
amid,C1
hedgehog,C1
nocturnal,C1
hibernate,C1
hibernation,C1
convict,C1
conviction,C1
latent,C1
snooze,C1
classy,C1
wrench,C1
degrading,C1
refurbish,C1
preach,C1
staggering,C1
dutiful,C1
dutifully,C1
calorie,C1
fabulously,C1
premises,C1
eclectic,C1
eclectically,C1
revere,C1
recognizable/recognisable,C1
recognizably/recognisably,C1
batter,C1
unreliably,C1
waterfront,C1
amply,C1
amplification,C1
battered,C1
comply,C1
compliance,C1
compliant,C1
compliantly,C1
blankness,C1
exuberant,C1
clutch,C1
sedately,C1
sedate,C1
posture,C1
manicure,C1
supple,C1
recess,C1
pedicure,C1
facial,C1
bouquet,C1
refurbishment,C1
grounds,C1
lethargy,C1
lethargic,C1
lethargically,C1
stately,C1
exuberance,C1
conserve,C1
disquieting,C1
fiercely,C1
grapefruit,C1
exotically,C1
flask,C1
spacious,C1
gourmet,C1
conjure,C1
creamy,C1
sauna,C1
remedial,C1
conservatory,C1
exuberantly,C1
linear,C1
linearly,C1
startlingly,C1
slack,C1
slackly,C1
unwavering,C1
unwaveringly,C1
removed,C1
buffoon,C1
beguiling,C1
beguilingly,C1
blithely,C1
stray,C1
mythological,C1
mythology,C1
startling,C1
venerate,C1
ethical,C1
ethically,C1
heroine,C1
refreshing,C1
zany,C1
devotee,C1
salve,C1
salvation,C1
salvage,C1
staccato,C1
verve,C1
motley,C1
veneration,C1
preacher,C1
jersey,C1
taut,C1
flourish,C1
anchored,C1
domination,C1
dominant,C1
dominantly,C1
interject,C1
interjection,C1
gush,C1
gushing,C1
gushingly,C1
voracious,C1
voraciously,C1
tautly,C1
sketchbook,C1
prop,C1
imp,C1
impish,C1
impishly,C1
wicked,C1
wickedly,C1
macabre,C1
gusto,C1
tantamount,C1
antics,C1
relapse,C1
impede,C1
impediment,C1
recessive,C1
succulent,C1
prolifically,C1
convoluted,C1
undaunted,C1
gutsy,C1
deprivation,C1
farce,C1
portray,C1
portrayal,C1
elusive,C1
elude,C1
incisor,C1
incision,C1
chisel,C1
chiselled,C1
gnaw,C1
elongate,C1
telltale,C1
cavity,C1
rustle,C1
glean,C1
niche,C1
somersault,C1
exhilarate,C1
exhilarating,C1
exhilaration,C1
physicality,C1
hack,C1
lust,C1
unscathing,C1
scathing,C1
turmoil,C1
debut,C1
folktale,C1
sprout,C1
hypocrisy,C1
hypocrite,C1
hypocritical,C1
hypocritically,C1
midwife,C1
commercially,C1
uniformity,C1
numb,C1
tastebud,C1
amateur,C1
unsettling,C1
retrace,C1
insubordinate,C1
insubordination,C1
insubordinately,C1
subordinate,C1
primitively,C1
embark,C1
expedite,C1
contextual,C1
contextually,C1
whilst,C1
maneuver/manoeuvre,C1
riveting,C1
plunge,C1
tract,C1
unsettle,C1
suburbia,C1
remorse,C1
remorseless,C1
remorsefully,C1
remorselessly,C1
inexcusable,C1
inexcusably,C1
unassisted,C1
heighten,C1
fixture,C1
bulk,C1
bulky,C1
bulk up,C1
digitalize/digitalise,C1
digitalization/digitalisation,C1
mark-up,C1
complementary,C1
complimentary,C1
staple,C1
wares,C1
testament,C1
succulently,C1
tranquil,C1
tranquility,C1
spartan,C1
peninsula,C1
billiards,C1
cessation,C1
salivate,C1
neutralization/neutralisation,C1
neutralize/neutralise,C1
dramatist,C1
characterization/characterisation,C1
quirky,C1
sprawl,C1
ingenuity,C1
panorama,C1
panoramic,C1
benign,C1
benignly,C1
explosively,C1
bequeath,C1
legacy,C1
synthetic,C1
suburban,C1
synthetically,C1
elastic,C1
appall/appal,C1
appalling,C1
appallingly,C1
pounce,C1
abound,C1
sap,C1
monotonous,C1
monotonously,C1
monotony,C1
turn to,C1
ingenious,C1
plaque,C1
lackluster/lacklustre,C1
seedling,C1
orchard,C1
graft,C1
temperamentally,C1
screenplay,C1
disillusionment,C1
demise,C1
raunchy,C1
raunchily,C1
overdraft,C1
synopsis,C1
renown,C1
contested,C1
verandah,C1
occupational,C1
verdict,C1
ventilate,C1
ventilation,C1
occupant,C1
radiator,C1
homely,C1
bureaucratic,C1
bureaucratically,C1
adjustable,C1
fatigue,C1
muscular,C1
versatile,C1
versatility,C1
stimuli,C1
temperamental,C1
temperament,C1
gypsy,C1
transfix,C1
proliferate,C1
fragmentation,C1
astray,C1
duration,C1
durable,C1
likelihood,C1
naive,C1
naively,C1
naivety,C1
impervious,C1
ludicrous,C1
ludicrously,C1
uninspiring,C1
cost-effective,C1
gruesomely,C1
envisage,C1
screenwriter,C1
mingle,C1
churn,C1
buffer,C1
irate,C1
irately,C1
docile,C1
docilely,C1
fiend,C1
fiendish,C1
fiendishly,C1
gruesome,C1
mutually,C1
somber/sombre,C1
somberly/sombrely,C1
terrain,C1
resilient,C1
resilience,C1
enterprising,C1
integral,C1
canoe,C1
magnetic,C1
magnetism,C1
magnetically,C1
credible,C1
credibly,C1
credibility,C1
credential,C1
charter,C1
acutely,C1
prohibitively,C1
fissure,C1
pendulous,C1
suspension,C1
anthropology,C1
anthropologist,C1
squander,C1
munch,C1
adjoin,C1
adjoining,C1
wizened,C1
prohibitive,C1
prolific,C1
itinerary,C1
clutter,C1
dislodge,C1
carpenter,C1
carpentry,C1
transit,C1
plummet,C1
circulate,C1
circulation,C1
demography,C1
demographic,C1
demographically,C1
phenomenal,C1
coupled,C1
phenomenally,C1
prophetic,C1
paywall,C1
firewall,C1
invoice,C1
demolition,C1
demo,C1
gig,C1
socialization,C1
antiquity,C1
antiquated,C1
restoration,C1
restorative,C1
rotate,C1
prophet,C1
conditionally,C1
collaboration,C1
collaborative,C1
showy,C1
wrangle,C1
premise,C1
advantageous,C1
parasite,C1
fanciful,C1
poise,C1
customary,C1
insightful,C1
notable,C1
vicious,C1
viciously,C1
withdrawn,C1
torturous,C1
depict,C1
depiction,C1
upheaval,C1
shortlist,C1
uneventful,C1
pertinent,C1
pertain to,C1
daydream,C1
protagonist,C1
collaborator,C1
collaborate,C1
oblige,C1
appliance,C1
relinquish,C1
tedious,C1
tedium,C1
exert,C1
extortion,C1
alleviate,C1
elaborate,C1
elaboration,C1
detest,C1
detestable,C1
suds,C1
agreeable,C1
simplicity,C1
prowl,C1
speculation,C1
speculative,C1
peacock,C1
disdain,C1
reenact,C1
torment,C1
extravagance,C1
exploitation,C1
mechanism,C1
hence,C1
offspring,C1
speculate,C1
unmanageable,C1
blockbuster,C1
sequel,C1
clan,C1
privileged,C1
crumble,C1
crumb,C1
closeness,C1
rarity,C1
evoke,C1
repel,C1
repellant,C1
aqua,C1
aquarium,C1
insightfully,C1
flashback,C1
self-worth,C1
agonize,C1
cite,C1
citation,C1
ecstatically,C1
pleasurable,C1
substantially,C1
ruthlessness,C1
ruthless,C1
methodical,C1
dismay,C1
irony,C1
acidic,C1
align,C1
alignment,C1
manipulation,C1
suitor,C1
deceit,C1
alienate,C1
persuasively,C1
confinement,C1
minutiae,C1
peasant,C1
inexplicable,C1
resonate,C1
inexplicably,C1
harass,C1
harassment,C1
believably,C1
readable,C1
cleverness,C1
persecute,C1
persecution,C1
smug,C1
smugly,C1
ferocious,C1
ferociously,C1
hostile,C1
hostility,C1
pigeon,C1
placidly,C1
placid,C1
ornamental,C1
assertion,C1
individuality,C1
psyche,C1
conformity,C1
unconventional,C1
congregate,C1
resent,C1
self-conscious,C1
wary,C1
stoke,C1
dynamically,C1
hostess,C1
perpetuate,C1
naturalness,C1
exhibitionist,C1
isolate,C1
isolated,C1
refreshingly,C1
effortless,C1
vegetation,C1
respite,C1
suffice,C1
purity,C1
gruelling,C1
compulsion,C1
compel,C1
conditional,C1
exterior,C1
cloak,C1
timid,C1
reluctantly,C1
concur,C1
avid,C1
marvel,C1
organizational,C1
psychiatrist,C1
psychiatric,C1
clinical,C1
corps,C1
juvenile,C1
jurisdiction,C1
accustomed,C1
trauma,C1
traumatic,C1
constraint,C1
revealing,C1
eccentric,C1
sanctity,C1
conform,C1
norms,C1
quirk,C1
oddity,C1
forensic,C1
comprise,C1
plaster,C1
darkroom,C1
ego,C1
saloon,C1
beforehand,C1
slob,C1
coverage,C1
unplug,C1
gadget,C1
rediscover,C1
subtly,C1
brainwash,C1
brainwashing,C1
sponsorship,C1
implicate,C1
malfunction,C1
wayside,C1
expire,C1
con,C1
damply,C1
ghostly,C1
carrier,C1
washtub,C1
apt,C1
apt to,C1
portable,C1
favorably/favourably,C1
blister,C1
tactful,C1
induct,C1
induction,C1
fossil,C1
geological,C1
geologically,C1
specimen,C1
enormously,C1
gem,C1
explanatory,C1
vertical,C1
knowledgeable,C1
tactfully,C1
ordinarily,C1
formulate,C1
resin,C1
sacrifice,C1
cleanly,C1
endorsement,C1
stretching,C1
continuity,C1
shambles,C1
claustrophobic,C1
claustrophobia,C1
headstrong,C1
tact,C1
diversity,C1
enviable,C1
grumble,C1
adrenaline,C1
tinker,C1
lavatory,C1
pinnacle,C1
insecure,C1
insecurely,C1
reassure,C1
reassurance,C1
insensitive,C1
insensitively,C1
profess,C1
drawback,C1
oversee,C1
overseer,C1
estimation,C1
liaison,C1
stressfully,C1
loom,C1
notwithstanding,C1
structurally,C1
structural,C1
chauffer,C1
sedentary,C1
rapport,C1
trying,C1
advisory,C1
immensely,C1
immense,C1
candid,C1
candidly,C1
vitality,C1
provoke,C1
provocative,C1
provocatively,C1
clench,C1
haggle,C1
scorn,C1
scornful,C1
scornfully,C1
animatedly,C1
obscure,C1
obscurely,C1
elevation,C1
tediously,C1
succession,C1
formality,C1
mountaineer,C1
pioneer,C1
quest,C1
transatlantic,C1
rudiments,C1
rudimentary,C1
elevate,C1
meaninglessly,C1
consultation,C1
plumbing,C1
glum,C1
glumly,C1
gamely,C1
dissect,C1
dissection,C1
commend,C1
commendation,C1
thereby,C1
flick,C1
flicker,C1
unenviable,C1
unenviably,C1
allege,C1
bribe,C1
bribery,C1
inclusion,C1
inclusively,C1
unconvincing,C1
unconvincingly,C1
recharge,C1
elitist,C1
facilitation,C1
toughness,C1
repute,C1
retention,C1
quarry,C1
specification,C1
contractor,C1
possessor,C1
chill,C1
chilly,C1
frosty,C1
frostily,C1
consultancy,C1
impersonal,C1
impersonally,C1
impersonate,C1
impersonator,C1
impersonation,C1
buzzer,C1
desertion,C1
unoccupied,C1
stuffy,C1
stuffily,C1
stuffiness,C1
gape,C1
unmanned,C1
meaningless,C1
inclusive,C1
aimless,C1
overalls,C1
unison,C1
snail,C1
bliss,C1
inexhaustible,C1
acre,C1
heifer,C1
ewe,C1
adversary,C1
victorious,C1
victoriously,C1
profound,C1
profoundly,C1
baldly,C1
bearded,C1
professionalism,C1
artistically,C1
popularization,C1
pendulum,C1
predecessor,C1
lapse,C1
ceaseless,C1
ceaselessly,C1
climax,C1
dither,C1
ploy,C1
stamina,C1
trampoline,C1
neglectful,C1
aimlessly,C1
rumble,C1
roundup,C1
conscientious,C1
indefinite,C1
indefinitely,C1
atmospheric,C1
fuse,C1
fusion,C1
robust,C1
robustly,C1
dismal,C1
climactic,C1
dismally,C1
craving,C1
prospective,C1
swap,C1
remotely,C1
violet,C1
bubbly,C1
chaotically,C1
apprehensive,C1
settee,C1
crave,C1
anticlimactic,C1
conscientiously,C1
forfeit,C1
plausibility,C1
plausibly,C1
instinctive,C1
instinctively,C1
stylistic,C1
stylistically,C1
inheritance,C1
inherent,C1
inherently,C1
spontaneous,C1
spontaneously,C1
honk,C1
goose,C1
innovate,C1
connoisseur,C1
abstraction,C1
flattery,C1
tantrum,C1
discard,C1
fatality,C1
stiffen,C1
wooded,C1
plausible,C1
criteria,C1
quip,C1
twitch,C1
woo,C1
intellect,C1
descent,C1
exodus,C1
immortalize,C1
genome,C1
fraction,C1
faction,C1
physique,C1
utensil,C1
otter,C1
clammy,C1
flatter,C1
dispense,C1
scrutinize/scrutinise,C1
aesthetically,C1
aesthetic,C1
superficially,C1
superficial,C1
scrutiny,C1
divergent,C1
dispensary,C1
divergence,C1
diverge,C1
opulence,C2
opulent,C2
dole out,C2
fete,C2
consign,C2
rickety,C2
prise,C2
ingrate,C2
dribble,C2
consignment,C2
opulently,C2
edify,C2
averse,C2
edification,C2
sterility,C2
crony,C2
rhetorical,C2
rhetorically,C2
flighty,C2
flightiness,C2
brimstone,C2
impeccable,C2
impeccably,C2
romp,C2
plutocrat,C2
rhetoric,C2
solitary,C2
proscribe,C2
romper,C2
diligently,C2
turret,C2
impressionistic,C2
impressionistically,C2
snobbery,C2
parochial,C2
gravitate,C2
gravitational,C2
gravitationally,C2
consternation,C2
haughty,C2
haughtily,C2
axiom,C2
attrition,C2
enduringly,C2
reissue,C2
sulphur,C2
sulphuric,C2
moor,C2
solitariness,C2
solitude,C2
adhere,C2
adhesion,C2
proscription,C2
axiomatic,C2
presentational,C2
meticulously,C2
reconciliation,C2
conciliatory,C2
conciliation,C2
preconception,C2
baroque,C2
virginal,C2
spire,C2
elephantine,C2
condone,C2
commodity,C2
commode,C2
reconcile,C2
unobtrusive,C2
unobtrusiveness,C2
compellingly,C2
hauntingly,C2
brim,C2
authenticity,C2
scholarly,C2
cognitive,C2
maverick,C2
artifact,C2
preservationist,C2
unobtrusively,C2
happenstance,C2
plume,C2
ingratiate,C2
ingratiating,C2
ingratiatingly,C2
shimmer,C2
hull,C2
cull,C2
swivel,C2
quiver,C2
sandwiched,C2
mottled,C2
epoxy,C2
angular,C2
angularity,C2
dampen,C2
buccaneer,C2
conglomerate,C2
cay,C2
singe,C2
cordon,C2
fabled,C2
infernal,C2
infernally,C2
embed,C2
meticulous,C2
cinematographer,C2
depravity,C2
maliciously,C2
perversity,C2
opaque,C2
opacity,C2
remit,C2
remittance,C2
recourse,C2
pedestal,C2
lurid,C2
luridly,C2
fallacy,C2
perverse,C2
rife,C2
mercenary,C2
polysyllabic,C2
syllabic,C2
superfluous,C2
superfluously,C2
snippet,C2
practitioner,C2
ephemeral,C2
ephemera,C2
ephemerality,C2
summarily,C2
interrogatively,C2
interrogative,C2
interrogation,C2
austerely,C2
qualm,C2
austerity,C2
idiosyncrasy,C2
idiosyncratic,C2
idiomatic,C2
idiomatically,C2
kinetic,C2
kinetically,C2
unmediated,C2
mediate,C2
mediation,C2
unharried,C2
figuratively,C2
exorcism,C2
exorcist,C2
mundanity,C2
mediocrity,C2
dubiously,C2
curate,C2
curator,C2
antithesis,C2
antithetical,C2
parameter,C2
detract,C2
interrogate,C2
infallibly,C2
cinematography,C2
infallible,C2
depraved,C2
euphemistic,C2
euphemistically,C2
condensation,C2
redundancy,C2
redundantly,C2
colloquial,C2
colloquium,C2
colloquially,C2
allusion,C2
allude,C2
disparage,C2
euphemism,C2
disparaging,C2
disparagement,C2
huddle,C2
topography,C2
topographical,C2
topographically,C2
confabulate,C2
confabulation,C2
surrealist,C2
surrealism,C2
contrive,C2
malice,C2
malicious,C2
disparagingly,C2
secularly,C2
secular,C2
deprecate,C2
deprecatingly,C2
revile,C2
revulsion,C2
meager/meagre,C2
arcane,C2
arcanely,C2
porten,C2
divination,C2
flit,C2
hitch,C2
prone,C2
scavenger,C2
vermin,C2
totemic,C2
emulate,C2
emulation,C2
avian,C2
vestigial,C2
vestigially,C2
brouhaha,C2
magnate,C2
magnanimous,C2
magnanimously,C2
magnanimity,C2
whirlwind,C2
infallibility,C2
besiege,C2
cloistered,C2
armory/armoury,C2
apostle,C2
blubber,C2
blubbery,C2
trifle,C2
eke out,C2
paramount,C2
squirm,C2
squirmy,C2
floe,C2
ruminative,C2
embody,C2
wistful,C2
wistfully,C2
mercantile,C2
skew,C2
subsist,C2
subsistence,C2
subsidy,C2
subsidize,C2
legion,C2
confrontational,C2
confrontationally,C2
bout,C2
embodiment,C2
ruminant,C2
rumination,C2
ruminate,C2
prurience,C2
tetchy,C2
agile,C2
agility,C2
aghast,C2
dwarfism,C2
etch,C2
etching,C2
rapture,C2
rapturous,C2
rapturously,C2
ad lib,C2
ad-lib,C2
improvisational,C2
acrobatics,C2
acrobatically,C2
acrobatic,C2
arduous,C2
ardor/ardour,C2
arduously,C2
counterproductive,C2
counterproductively,C2
proverbial,C2
instantaneous,C2
instantaneously,C2
mull over,C2
gout,C2
prurient,C2
hinder,C2
myriad,C2
farcical,C2
incise,C2
incipient,C2
echolocation,C2
echolocate,C2
reverb,C2
reverberation,C2
reverberate,C2
ingenuous,C2
ingenuously,C2
impresario,C2
ecotourism,C2
elasticity,C2
salivary,C2
hypnotherapy,C2
wholly,C2
remorseful,C2
remonstrate,C2
remonstrance,C2
unexcused,C2
unexceptionally,C2
unexceptional,C2
inexorable,C2
inexorably,C2
austere,C2
synthesis,C2
attributive,C2
attuned,C2
deaden,C2
histrionic,C2
histrionically,C2
marketability,C2
tacit,C2
tacitly,C2
taciturn,C2
taciturnity,C2
surreptitious,C2
surreptitiously,C2
allegory,C2
allegorical,C2
seedy,C2
punitive,C2
punitively,C2
milieu,C2
self-aggrandizement/self-aggrandisement,C2
unadulterated,C2
adulterate,C2
patronize/patronise,C2
patronizing/patronising,C2
patronizingly/patronisingly,C2
cogent,C2
cogently,C2
incongruous,C2
incongruously,C2
incongruity,C2
hindrance,C2
cloister,C2
truism,C2
derisive,C2
aberration,C2
emulsify,C2
emulsification,C2
emulsifier,C2
additive,C2
confection,C2
proximal,C2
vandalize,C2
vandal,C2
feign,C2
paradoxical,C2
paradoxically,C2
abhorrently,C2
laryngitis,C2
astringent,C2
stringently,C2
standing,C2
economize/economise,C2
breadwinner,C2
cosset,C2
counsel,C2
misdemeanor/misdemanour,C2
aptitude,C2
torrential,C2
banish,C2
banishment,C2
stringent,C2
abhor,C2
abhorrent,C2
rebuke,C2
annex,C2
resuscitate,C2
resuscitation,C2
ravish,C2
fabricate,C2
fabrication,C2
patchy,C2
patchily,C2
resounding,C2
resoundingly,C2
resound,C2
ordain,C2
inchoate,C2
inchoately,C2
elated,C2
elation,C2
hysteria,C2
hysterical,C2
hysterically,C2
jarring,C2
suffuse,C2
totter,C2
pyre,C2
contemptuous,C2
contemptuously,C2
forlorn,C2
forlornly,C2
knack,C2
derisively,C2
fruition,C2
tantalizingly/tantalisingly,C2
verily,C2
veritable,C2
verisimilitude,C2
artifice,C2
unfeasible,C2
unfeasibly,C2
behest,C2
virtuoso,C2
virtuosity,C2
crippling,C2
verbatim,C2
nascent,C2
corpus,C2
wheeze,C2
neophyte,C2
coax,C2
formidably,C2
squint,C2
hoist,C2
flatout,C2
buzzard,C2
bogus,C2
derision,C2
smattering,C2
intersperse,C2
assimilation,C2
assimilate,C2
maelstrom,C2
vortex,C2
depressive,C2
shoal,C2
scroll,C2
collide,C2
collider,C2
edifice,C2
thicket,C2
leaven,C2
leavening,C2
ethos,C2
interweave,C2
burgeoning,C2
indiscrete,C2
indiscretion,C2
telescopic,C2
telescopically,C2
amorphous,C2
amorphously,C2
hamper,C2
deterrent,C2
selectivity,C2
fractious,C2
mystique,C2
tantalize/tantalise,C2
nigh,C2
cocoon,C2
calamitous,C2
midwifery,C2
adornment,C2
conjecture,C2
malleable,C2
malleability,C2
ore,C2
gale,C2
promenade,C2
testimonial,C2
monastic,C2
distill,C2
informant,C2
vis-a-vis,C2
overlay,C2
nostalgia,C2
nostalgic,C2
nostalgically,C2
grievance,C2
residue,C2
residual,C2
physiological,C2
physiologically,C2
distillation,C2
carbonize/carbonise,C2
anthropological,C2
liaise,C2
contractual,C2
contractually,C2
abject,C2
sheaf,C2
articulation,C2
spurious,C2
spuriously,C2
calorific,C2
anthropologically,C2
fabulate,C2
octogenarian,C2
voracity,C2
brandish,C2
repose,C2
unencumbered,C2
buffoonery,C2
gauche,C2
domesticity,C2
accrue,C2
proliferation,C2
blandishment,C2
fabulation,C2
methodology,C2
methodological,C2
methodologically,C2
notoriously,C2
notoriety,C2
menial,C2
insular,C2
antidote,C2
postural,C2
posturing,C2
revelatory,C2
prostrate,C2
haphazard,C2
haphazardly,C2
deficiently,C2
delicatessen,C2
muscle-bound,C2
posit,C2
chrysalis,C2
ignominious,C2
ignominiously,C2
euphoria,C2
euphoric,C2
deficient,C2
outmoded,C2
autonomously,C2
autonomous,C2
proportional,C2
proportionally,C2
habitation,C2
inartistic,C2
ornate,C2
modernism,C2
presuppose,C2
presupposition,C2
centralized/centralised,C2
transmitter,C2
regulatory,C2
archival,C2
diffuse,C2
egalitarian,C2
hindsight,C2
materialize/materialise,C2
materialization/materialisation,C2
disperse,C2
dispersal,C2
stabilize/stabilise,C2
pervasive,C2
pervasiveness,C2
circumnavigation,C2
circumnavigate,C2
oblique,C2
facsimile,C2
shamble,C2
whir,C2
blight,C2
puritanical,C2
brood,C2
disdainful,C2
zoologist,C2
zoology,C2
encumbrance,C2
encumber,C2
hypothesis,C2
hypothetical,C2
parasitic,C2
plumage,C2
utilitarian,C2
utilize,C2
predilection,C2
commensurate,C2
commensurately,C2
vindicate,C2
vindication,C2
parable,C2
hypothesize,C2
metalled,C2
reclusive,C2
recluse,C2
inexorability,C2
exude,C2
headmistress,C2
mien,C2
timidity,C2
unravel,C2
concurrence,C2
unpromising,C2
teem,C2
corpse,C2
constrained,C2
indignant,C2
indignantly,C2
eccentricity,C2
locomotive,C2
locomotion,C2
individualism,C2
enthuse,C2
belligerent,C2
belligerence,C2
stoicism,C2
euphorically,C2
minster,C2
ironic,C2
acreage,C2
affectation,C2
imposition,C2
stipulate,C2
stipulation,C2
allot,C2
allotment,C2
anticlimactically,C2
forfeiture,C2
blitz,C2
primeval,C2
tenacious,C2
tenaciously,C2
genomic,C2
genomically,C2
capacious,C2
utilization/utilisation,C2
unequivocal,C2
unequivocally,C2
spontaneity,C2
provocation,C2
portraiture,C2
tenacity,C2
athleticism,C2
apprehend,C2
automate,C2
callous,C2
callously,C2
derelict,C2
materialism,C2
materialistic,C2
ferocity,C2
evokingly,C2
recitation,C2
equable,C2
extant,C2
denounce,C2
denunciation,C2
echo,C2
requisition,C2
substantiate,C2
inscrutable,C2
stratosphere,C2
indulgence,C2
indulgently,C2
laudatory,C2
laud,C2
glitz,C2
glitzy,C2
wrack,C2
relegate,C2
succumb,C2
treacherous,C2
indolently,C2
indolence,C2
taste-maker,C2
deviant,C2
deviantly,C2
engender,C2
emolument,C2
munificence,C2
posterity,C2
venomous,C2
venomously,C2
choreography,C2
indolent,C2
choreographical,C2
archetypal,C2
dissension,C2
exalted,C2
exaltedly,C2
adept,C2
hitherto,C2
angst,C2
angsty,C2
drabness,C2
melodious,C2
melodiously,C2
archetype,C2
provincial,C2
blurb,C2
wayward,C2
recuperate,C2
recuperation,C2
recuperative,C2
cultish,C2
seismic,C2
irrevocably,C2
irrevocable,C2
slither,C2
unnerve,C2
unnerving,C2
unnervingly,C2
protrude,C2
protrusion,C2
qualitative,C2
procedural,C2
demystify,C2
demystification,C2
proprietary,C2
proprietorial,C2
floodgates,C2
imperceptible,C2
imperceptibly,C2
hapless,C2
catastrophically,C2
magpie,C2
beneficiary,C2
meteorology,C2
incumbent,C2
recumbent,C2
nonchalant,C2
nonchalantly,C2
mesmeric,C2
stultify,C2
stultifyingly,C2
wallow,C2
ponderous,C2
ponderously,C2
lassitude,C2
vicinity,C2
computerize/computerise,C2
ebb,C2
wane,C2
antediluvian,C2
ostensible,C2
ostensibly,C2
interlocking,C2
undemonstrative,C2
undemonstratively,C2
menace,C2
menacing,C2
menacingly,C2
calamity,C2
homestead,C2
contagion,C2
undiminishing,C2
meteorological,C2
brink,C2
unsurpassed,C2
loiter,C2
topple,C2
intrinsic,C2
intrinsically,C2
merit,C2
promotable,C2
clinch,C2
anonymity,C2
splinter,C2
reproach,C2
disseminate,C2
dissemination,C2
dissemble,C2
mangle,C2
bereft,C2
bereftly,C2
solipsism,C2
soliloquize,C2
mutinous,C2
mutinously,C2
prissy,C2
reptilian,C2
diminish,C2
melancholy,C2
calamitously,C2
cosmic,C2
intermediary,C2
hotelier,C2
denote,C2
denotation,C2
profitability,C2
jargon,C2
declination,C2
vocational,C2
spatial,C2
spatially,C2
pressurization,C2
integration,C2
extracurricular,C2
encompass,C2
all-encompassing,C2
accountability,C2
frolic,C2
minefield,C2
side-step,C2
abundantly,C2
anarchic,C2
pressurize,C2
drudgery,C2
treacherously,C2
treachery,C2
maggot,C2
palate,C2
palatable,C2
hermit,C2
hermetic,C2
irrelevancy,C2
mariner,C2
rift,C2
helm,C2
autopilot,C2
eminence,C2
eminent,C2
preeminent,C2
unsuspected,C2
paralyzingly/paralysingly,C2
glory in,C2
decentralize/decentralise,C2
preoccupation,C2
prolong,C2
crystallization/crystallisation,C2
interlude,C2
prescriptive,C2
philanthropist,C2
philanthropic,C2
philanthropically,C2
precocious,C2
precociously,C2
wordsmith,C2
connote,C2
connotation,C2
herald,C2
philistine,C2
innuendo,C2
induce,C2
philanthropy,C2
inducement,C2
lament,C2
lamentation,C2
conduit,C2
chronology,C2
chronologically,C2
equilibrium,C2
rebound,C2
proposition,C2
flagging,C2
electrode,C2
caffeinate,C2
anthology,C2
solicit,C2
perch,C2
retrospective,C2
retrospection,C2
wordage,C2
brevity,C2
uncanny,C2
tactic,C2
tactical,C2
tactically,C2
gambit,C2
babble,C2
bauble,C2
correlate,C2
correlation,C2
combustion,C2
painstaking,C2
painstakingly,C2
contraption,C2
mesh,C2
enabler,C2
fluctuate,C2
fluctuation,C2
lyricist,C2
lyrical,C2
lyrically,C2
bona fide,C2
moribund,C2
slab,C2
tranquilize/tranquilise,C2
